종목코드,업종명,시장구분
003990,유통업,KOSPI
004560,철강금속,KOSPI
004565,철강금속,KOSPI
001460,섬유의복,KOSPI
001465,섬유의복,KOSPI
000790,운수창고업,KOSPI
013200,건설업,KOSPI
084680,서비스업,KOSPI
008400,운수장비,KOSPI
008405,운수장비,KOSPI
001040,서비스업,KOSPI
079160,서비스업,KOSPI
001047,서비스업,KOSPI
001049,서비스업,KOSPI
001045,서비스업,KOSPI
097950,음식료품,KOSPI
097957,음식료품,KOSPI
097959,음식료품,KOSPI
097955,음식료품,KOSPI
069730,철강금속,KOSPI
017940,유통업,KOSPI
007700,섬유의복,KOSPI
001370,섬유의복,KOSPI
001375,섬유의복,KOSPI
076170,서비스업,KOSPI
078930,서비스업,KOSPI
006360,건설업,KOSPI
078935,서비스업,KOSPI
035000,서비스업,KOSPI
001500,증권,KOSPI
011420,서비스업,KOSPI
003560,서비스업,KOSPI
005560,전기전자,KOSPI
105560,기타금융,KOSPI
002380,화학,KOSPI
009070,운수창고업,KOSPI
009440,기계,KOSPI
017300,전기전자,KOSPI
092220,전기전자,KOSPI
006200,서비스업,KOSPI
001390,화학,KOSPI
001940,서비스업,KOSPI
083420,화학,KOSPI
025000,화학,KOSPI
092230,서비스업,KOSPI
025850,화학,KOSPI
044450,운수창고업,KOSPI
030200,통신업,KOSPI
033780,기타제조업,KOSPI
030210,증권,KOSPI
032390,통신업,KOSPI
003550,서비스업,KOSPI
015940,통신업,KOSPI
034220,전기전자,KOSPI
001120,유통업,KOSPI
068870,의약품,KOSPI
068875,의약품,KOSPI
051900,화학,KOSPI
051905,화학,KOSPI
003555,서비스업,KOSPI
011070,전기전자,KOSPI
066570,전기전자,KOSPI
066575,전기전자,KOSPI
032640,통신업,KOSPI
045820,통신업,KOSPI
093050,섬유의복,KOSPI
051910,화학,KOSPI
051915,화학,KOSPI
002550,보험,KOSPI
006260,서비스업,KOSPI
000680,유통업,KOSPI
000685,유통업,KOSPI
010120,전기전자,KOSPI
023150,음식료품,KOSPI
035420,서비스업,KOSPI
016420,증권,KOSPI
008260,철강금속,KOSPI
005490,철강금속,KOSPI
100840,기계,KOSPI
064960,운수장비,KOSPI
000040,운수장비,KOSPI
003570,운수장비,KOSPI
036530,서비스업,KOSPI
010950,화학,KOSPI
010955,화학,KOSPI
034120,서비스업,KOSPI
101060,서비스업,KOSPI
001380,섬유의복,KOSPI
001385,섬유의복,KOSPI
002360,화학,KOSPI
002365,화학,KOSPI
009160,기계,KOSPI
025530,운수장비,KOSPI
003600,서비스업,KOSPI
011790,화학,KOSPI
018670,유통업,KOSPI
001740,유통업,KOSPI
001745,유통업,KOSPI
096770,화학,KOSPI
096775,화학,KOSPI
003605,서비스업,KOSPI
001510,증권,KOSPI
001515,증권,KOSPI
006120,화학,KOSPI
006125,화학,KOSPI
017670,통신업,KOSPI
011810,유통업,KOSPI
077970,기계,KOSPI
067250,운수장비,KOSPI
028670,운수창고업,KOSPI
011000,섬유의복,KOSPI
024070,화학,KOSPI
000500,전기전자,KOSPI
035250,서비스업,KOSPI
092970,서비스업,KOSPI
101380,서비스업,KOSPI
102000,서비스업,KOSPI
000860,화학,KOSPI
000800,건설업,KOSPI
008020,전기가스업,KOSPI
002100,화학,KOSPI
012320,전기가스업,KOSPI
009450,전기전자,KOSPI
000050,섬유의복,KOSPI
012610,화학,KOSPI
009140,전기전자,KOSPI
013580,건설업,KOSPI
012200,기계,KOSPI
012205,기계,KOSPI
027840,전기전자,KOSPI
004200,건설업,KOSPI
002140,음식료품,KOSPI
010130,철강금속,KOSPI
002240,철강금속,KOSPI
009810,유통업,KOSPI
009815,유통업,KOSPI
084160,기타금융,KOSPI
001290,증권,KOSPI
009290,의약품,KOSPI
017040,전기전자,KOSPI
017900,전기전자,KOSPI
037710,유통업,KOSPI
030610,증권,KOSPI
007690,화학,KOSPI
005320,유통업,KOSPI
001140,운수창고업,KOSPI
002720,의약품,KOSPI
000470,보험,KOSPI
014530,화학,KOSPI
002250,의약품,KOSPI
086280,운수창고업,KOSPI
014280,철강금속,KOSPI
014285,철강금속,KOSPI
008870,비금속광물,KOSPI
001570,화학,KOSPI
002990,건설업,KOSPI
002995,건설업,KOSPI
011780,화학,KOSPI
011785,화학,KOSPI
001210,전기전자,KOSPI
010050,기타금융,KOSPI
073240,화학,KOSPI
006070,음식료품,KOSPI
092440,기계,KOSPI
000270,운수장비,KOSPI
024110,은행,KOSPI
001260,건설업,KOSPI
008350,철강금속,KOSPI
008355,철강금속,KOSPI
004270,유통업,KOSPI
003920,음식료품,KOSPI
003925,음식료품,KOSPI
002070,섬유의복,KOSPI
001950,종이목재,KOSPI
001955,종이목재,KOSPI
025860,화학,KOSPI
004250,화학,KOSPI
004255,화학,KOSPI
005720,화학,KOSPI
005725,화학,KOSPI
002350,화학,KOSPI
002355,화학,KOSPI
090350,화학,KOSPI
090355,화학,KOSPI
006280,의약품,KOSPI
005250,서비스업,KOSPI
005255,서비스업,KOSPI
005257,서비스업,KOSPI
004370,음식료품,KOSPI
072710,서비스업,KOSPI
023590,서비스업,KOSPI
009280,전기전자,KOSPI
015590,기계,KOSPI
019680,서비스업,KOSPI
019685,서비스업,KOSPI
016710,전기가스업,KOSPI
006375,유통업,KOSPI
006370,유통업,KOSPI
005270,은행,KOSPI
004130,전기전자,KOSPI
004137,전기전자,KOSPI
004135,전기전자,KOSPI
008060,전기전자,KOSPI
000490,기계,KOSPI
008110,전기전자,KOSPI
005750,비금속광물,KOSPI
000210,건설업,KOSPI
000215,건설업,KOSPI
006570,기계,KOSPI
001680,음식료품,KOSPI
001687,음식료품,KOSPI
001689,음식료품,KOSPI
001685,음식료품,KOSPI
036580,음식료품,KOSPI
036585,음식료품,KOSPI
084690,서비스업,KOSPI
084697,서비스업,KOSPI
084695,서비스업,KOSPI
005620,유통업,KOSPI
003540,증권,KOSPI
003547,증권,KOSPI
003545,증권,KOSPI
009190,철강금속,KOSPI
014160,종이목재,KOSPI
047040,건설업,KOSPI
009320,전기전자,KOSPI
047050,유통업,KOSPI
042660,운수장비,KOSPI
006800,증권,KOSPI
006805,증권,KOSPI
004550,유통업,KOSPI
004555,유통업,KOSPI
003090,서비스업,KOSPI
069620,의약품,KOSPI
000430,운수장비,KOSPI
006340,전기전자,KOSPI
006345,전기전자,KOSPI
003220,의약품,KOSPI
024890,화학,KOSPI
002880,운수장비,KOSPI
000300,운수장비,KOSPI
012800,철강금속,KOSPI
012805,철강금속,KOSPI
015230,운수장비,KOSPI
026870,전기가스업,KOSPI
001070,섬유의복,KOSPI
006650,화학,KOSPI
007480,철강금속,KOSPI
001440,전기전자,KOSPI
084010,철강금속,KOSPI
001790,음식료품,KOSPI
001795,음식료품,KOSPI
001130,음식료품,KOSPI
000120,운수창고업,KOSPI
004540,종이목재,KOSPI
004545,종이목재,KOSPI
003490,운수창고업,KOSPI
003495,운수창고업,KOSPI
005880,운수창고업,KOSPI
003830,화학,KOSPI
016090,섬유의복,KOSPI
069460,철강금속,KOSPI
012510,서비스업,KOSPI
004830,화학,KOSPI
004835,화학,KOSPI
024900,운수장비,KOSPI
001620,운수장비,KOSPI
001230,철강금속,KOSPI
023450,화학,KOSPI
004140,운수창고업,KOSPI
007590,화학,KOSPI
007595,화학,KOSPI
004147,운수창고업,KOSPI
004149,운수창고업,KOSPI
005960,건설업,KOSPI
005965,건설업,KOSPI
012030,화학,KOSPI
016380,철강금속,KOSPI
016385,철강금속,KOSPI
016610,증권,KOSPI
000990,화학,KOSPI
000995,화학,KOSPI
000997,화학,KOSPI
005830,보험,KOSPI
083350,서비스업,KOSPI
083360,서비스업,KOSPI
083370,서비스업,KOSPI
083380,서비스업,KOSPI
083390,서비스업,KOSPI
084240,서비스업,KOSPI
078420,서비스업,KOSPI
088010,서비스업,KOSPI
080030,서비스업,KOSPI
093730,서비스업,KOSPI
080960,서비스업,KOSPI
080970,서비스업,KOSPI
080980,서비스업,KOSPI
080410,서비스업,KOSPI
082110,서비스업,KOSPI
083120,서비스업,KOSPI
002210,의약품,KOSPI
102260,서비스업,KOSPI
005190,화학,KOSPI
008040,음식료품,KOSPI
058730,기계,KOSPI
000640,의약품,KOSPI
007340,화학,KOSPI
001780,철강금속,KOSPI
005900,건설업,KOSPI
084670,운수창고업,KOSPI
013570,운수장비,KOSPI
001520,비금속광물,KOSPI
001527,비금속광물,KOSPI
001529,비금속광물,KOSPI
001525,비금속광물,KOSPI
002900,기계,KOSPI
002710,철강금속,KOSPI
010060,화학,KOSPI
003470,증권,KOSPI
003475,증권,KOSPI
008970,철강금속,KOSPI
008975,철강금속,KOSPI
003580,광업,KOSPI
049770,음식료품,KOSPI
018500,운수장비,KOSPI
006040,"농업, 임업 및 어업",KOSPI
030720,"농업, 임업 및 어업",KOSPI
014820,전기전자,KOSPI
014825,전기전자,KOSPI
001530,섬유의복,KOSPI
004840,화학,KOSPI
004890,철강금속,KOSPI
019300,종이목재,KOSPI
009580,종이목재,KOSPI
000020,의약품,KOSPI
000150,음식료품,KOSPI
000157,음식료품,KOSPI
011160,건설업,KOSPI
000155,음식료품,KOSPI
042670,기계,KOSPI
034020,기계,KOSPI
024090,철강금속,KOSPI
003160,의료정밀,KOSPI
092200,운수장비,KOSPI
026890,전기전자,KOSPI
000320,서비스업,KOSPI
000327,서비스업,KOSPI
000325,서비스업,KOSPI
006490,유통업,KOSPI
005690,섬유의복,KOSPI
000420,전기전자,KOSPI
000425,전기전자,KOSPI
032350,서비스업,KOSPI
004010,유통업,KOSPI
002270,음식료품,KOSPI
000400,보험,KOSPI
023530,유통업,KOSPI
004990,음식료품,KOSPI
005300,음식료품,KOSPI
005305,음식료품,KOSPI
079430,기타제조업,KOSPI
027740,음식료품,KOSPI
001190,섬유의복,KOSPI
001080,철강금속,KOSPI
076850,서비스업,KOSPI
088980,기타금융,KOSPI
094800,기타금융,KOSPI
094520,기타금융,KOSPI
012420,기타금융,KOSPI
008560,증권,KOSPI
000060,보험,KOSPI
002540,화학,KOSPI
017180,의약품,KOSPI
012690,종이목재,KOSPI
005360,유통업,KOSPI
009680,운수장비,KOSPI
009200,종이목재,KOSPI
008420,철강금속,KOSPI
025560,의료정밀,KOSPI
037620,증권,KOSPI
008600,유통업,KOSPI
002840,화학,KOSPI
003650,화학,KOSPI
092630,서비스업,KOSPI
003610,섬유의복,KOSPI
011800,철강금속,KOSPI
001340,화학,KOSPI
014580,비금속광물,KOSPI
035150,화학,KOSPI
002410,건설업,KOSPI
084870,섬유의복,KOSPI
096300,기타금융,KOSPI
007210,비금속광물,KOSPI
002530,건설업,KOSPI
002535,건설업,KOSPI
002760,화학,KOSPI
003850,의약품,KOSPI
004740,기타제조업,KOSPI
000890,음식료품,KOSPI
000895,음식료품,KOSPI
003000,의약품,KOSPI
001270,증권,KOSPI
001275,증권,KOSPI
026940,철강금속,KOSPI
015350,전기가스업,KOSPI
011390,비금속광물,KOSPI
005280,은행,KOSPI
005030,운수장비,KOSPI
100220,서비스업,KOSPI
005180,음식료품,KOSPI
003960,음식료품,KOSPI
003965,음식료품,KOSPI
007160,"농업, 임업 및 어업",KOSPI
079660,음식료품,KOSPI
005090,비금속광물,KOSPI
005610,음식료품,KOSPI
001470,건설업,KOSPI
006400,전기전자,KOSPI
006405,전기전자,KOSPI
006660,운수장비,KOSPI
000830,유통업,KOSPI
000835,유통업,KOSPI
028050,서비스업,KOSPI
009150,전기전자,KOSPI
009155,전기전자,KOSPI
005930,전기전자,KOSPI
005935,전기전자,KOSPI
004000,화학,KOSPI
001360,의약품,KOSPI
010140,운수장비,KOSPI
010145,운수장비,KOSPI
016360,증권,KOSPI
068290,서비스업,KOSPI
029780,기타금융,KOSPI
012450,의료정밀,KOSPI
000810,보험,KOSPI
000815,보험,KOSPI
006110,철강금속,KOSPI
000070,음식료품,KOSPI
000075,음식료품,KOSPI
003230,음식료품,KOSPI
008080,의료정밀,KOSPI
003940,음식료품,KOSPI
003945,음식료품,KOSPI
008720,기계,KOSPI
002170,기타제조업,KOSPI
002810,유통업,KOSPI
005680,전기전자,KOSPI
004920,유통업,KOSPI
003720,화학,KOSPI
004380,기계,KOSPI
002450,기타제조업,KOSPI
000520,의약품,KOSPI
009770,종이목재,KOSPI
005500,의약품,KOSPI
004690,전기가스업,KOSPI
001880,건설업,KOSPI
011150,유통업,KOSPI
011155,유통업,KOSPI
010960,건설업,KOSPI
004450,기계,KOSPI
009470,전기전자,KOSPI
011230,전기전자,KOSPI
001820,전기전자,KOSPI
000390,화학,KOSPI
000360,건설업,KOSPI
000365,건설업,KOSPI
013700,건설업,KOSPI
041650,운수장비,KOSPI
075180,운수장비,KOSPI
005070,화학,KOSPI
007540,음식료품,KOSPI
001600,건설업,KOSPI
017390,전기가스업,KOSPI
004410,음식료품,KOSPI
004415,음식료품,KOSPI
016560,기타금융,KOSPI
021050,철강금속,KOSPI
008490,화학,KOSPI
007610,전기전자,KOSPI
005350,운수창고업,KOSPI
014300,음식료품,KOSPI
002820,종이목재,KOSPI
014910,전기전자,KOSPI
014915,전기전자,KOSPI
003080,화학,KOSPI
004980,비금속광물,KOSPI
004987,비금속광물,KOSPI
004989,비금속광물,KOSPI
004985,비금속광물,KOSPI
011300,섬유의복,KOSPI
012090,건설업,KOSPI
012095,건설업,KOSPI
005980,건설업,KOSPI
051310,기계,KOSPI
000180,종이목재,KOSPI
002420,서비스업,KOSPI
004360,운수창고업,KOSPI
004367,운수창고업,KOSPI
004365,운수창고업,KOSPI
004490,전기전자,KOSPI
004230,유통업,KOSPI
001430,철강금속,KOSPI
003030,철강금속,KOSPI
058650,서비스업,KOSPI
013000,유통업,KOSPI
013005,유통업,KOSPI
091090,기계,KOSPI
021820,운수장비,KOSPI
067830,유통업,KOSPI
033530,운수장비,KOSPI
027970,종이목재,KOSPI
013240,전기전자,KOSPI
007800,기타금융,KOSPI
004430,화학,KOSPI
017550,기계,KOSPI
017555,기계,KOSPI
002200,종이목재,KOSPI
093230,전기전자,KOSPI
016590,종이목재,KOSPI
029530,전기전자,KOSPI
004970,"농업, 임업 및 어업",KOSPI
104110,기계,KOSPI
104120,기계,KOSPI
001970,건설업,KOSPI
001975,건설업,KOSPI
005390,유통업,KOSPI
011930,기계,KOSPI
004170,유통업,KOSPI
035510,서비스업,KOSPI
034300,건설업,KOSPI
005800,섬유의복,KOSPI
001720,증권,KOSPI
001725,증권,KOSPI
025620,기타제조업,KOSPI
009270,섬유의복,KOSPI
009275,섬유의복,KOSPI
014350,건설업,KOSPI
002700,전기전자,KOSPI
019170,의약품,KOSPI
019175,의약품,KOSPI
002870,종이목재,KOSPI
005450,건설업,KOSPI
055550,기타금융,KOSPI
001770,철강금속,KOSPI
004080,유통업,KOSPI
001250,유통업,KOSPI
003410,비금속광물,KOSPI
003417,비금속광물,KOSPI
003419,비금속광물,KOSPI
00341A,비금속광물,KOSPI
00341D,비금속광물,KOSPI
003415,비금속광물,KOSPI
003620,운수장비,KOSPI
004770,전기전자,KOSPI
008700,전기전자,KOSPI
008705,전기전자,KOSPI
090430,화학,KOSPI
090435,화학,KOSPI
090370,섬유의복,KOSPI
002030,비금속광물,KOSPI
002310,종이목재,KOSPI
009385,종이목재,KOSPI
009380,종이목재,KOSPI
083570,서비스업,KOSPI
083580,서비스업,KOSPI
083590,서비스업,KOSPI
083600,서비스업,KOSPI
083610,서비스업,KOSPI
083620,서비스업,KOSPI
080180,서비스업,KOSPI
081190,서비스업,KOSPI
081200,서비스업,KOSPI
081210,서비스업,KOSPI
082240,서비스업,KOSPI
082250,서비스업,KOSPI
082260,서비스업,KOSPI
081930,서비스업,KOSPI
081940,서비스업,KOSPI
020560,운수창고업,KOSPI
010780,비금속광물,KOSPI
004870,비금속광물,KOSPI
101140,유통업,KOSPI
003190,유통업,KOSPI
006840,화학,KOSPI
011090,기타제조업,KOSPI
005850,운수장비,KOSPI
012750,서비스업,KOSPI
004060,유통업,KOSPI
023960,서비스업,KOSPI
036570,서비스업,KOSPI
085310,기계,KOSPI
900030,서비스업,KOSPI
014440,화학,KOSPI
009970,유통업,KOSPI
003520,의약품,KOSPI
010600,유통업,KOSPI
000670,철강금속,KOSPI
006740,종이목재,KOSPI
012280,운수장비,KOSPI
015360,전기가스업,KOSPI
007310,음식료품,KOSPI
016160,전기전자,KOSPI
016167,전기전자,KOSPI
002630,의약품,KOSPI
001800,음식료품,KOSPI
006090,"농업, 임업 및 어업",KOSPI
045710,서비스업,KOSPI
012400,전기전자,KOSPI
012405,전기전자,KOSPI
004940,은행,KOSPI
053000,기타금융,KOSPI
004720,의약품,KOSPI
005940,증권,KOSPI
005945,증권,KOSPI
021960,기타금융,KOSPI
006980,음식료품,KOSPI
017370,기계,KOSPI
049800,기계,KOSPI
095720,서비스업,KOSPI
008000,섬유의복,KOSPI
021240,서비스업,KOSPI
016880,서비스업,KOSPI
005820,섬유의복,KOSPI
015540,전기전자,KOSPI
015545,전기전자,KOSPI
005760,유통업,KOSPI
033270,의약품,KOSPI
014830,화학,KOSPI
007120,전기전자,KOSPI
000910,비금속광물,KOSPI
003640,철강금속,KOSPI
011330,기타제조업,KOSPI
077500,유통업,KOSPI
007050,기계,KOSPI
002920,운수장비,KOSPI
024870,기계,KOSPI
011690,전기전자,KOSPI
072130,서비스업,KOSPI
000220,의약품,KOSPI
000225,의약품,KOSPI
000227,의약품,KOSPI
001200,증권,KOSPI
000100,의약품,KOSPI
000105,의약품,KOSPI
003460,증권,KOSPI
003465,증권,KOSPI
008730,화학,KOSPI
008250,종이목재,KOSPI
025820,철강금속,KOSPI
007660,전기전자,KOSPI
005950,화학,KOSPI
015020,서비스업,KOSPI
074610,기계,KOSPI
007190,종이목재,KOSPI
007195,종이목재,KOSPI
000760,유통업,KOSPI
014990,섬유의복,KOSPI
023800,운수장비,KOSPI
034590,전기가스업,KOSPI
020120,유통업,KOSPI
023810,운수장비,KOSPI
008540,섬유의복,KOSPI
000230,의약품,KOSPI
013360,건설업,KOSPI
013367,건설업,KOSPI
013365,건설업,KOSPI
003120,의약품,KOSPI
003200,섬유의복,KOSPI
007110,비금속광물,KOSPI
007570,의약품,KOSPI
007575,의약품,KOSPI
008500,섬유의복,KOSPI
081000,화학,KOSPI
020760,전기전자,KOSPI
103590,전기전자,KOSPI
015860,서비스업,KOSPI
033240,전기전자,KOSPI
009720,비금속광물,KOSPI
000950,섬유의복,KOSPI
006350,은행,KOSPI
069470,서비스업,KOSPI
030000,서비스업,KOSPI
001300,화학,KOSPI
002620,의약품,KOSPI
001560,비금속광물,KOSPI
024100,기타금융,KOSPI
000610,보험,KOSPI
006220,은행,KOSPI
004910,화학,KOSPI
004700,기타제조업,KOSPI
001550,화학,KOSPI
000480,비금속광물,KOSPI
000590,기계,KOSPI
004820,유통업,KOSPI
018470,철강금속,KOSPI
002600,음식료품,KOSPI
001630,의약품,KOSPI
063160,의약품,KOSPI
044380,전기전자,KOSPI
015110,건설업,KOSPI
001060,의약품,KOSPI
001067,의약품,KOSPI
001065,의약품,KOSPI
096760,서비스업,KOSPI
094950,기타금융,KOSPI
007630,전기전자,KOSPI
010580,운수장비,KOSPI
088790,섬유의복,KOSPI
003780,화학,KOSPI
010640,화학,KOSPI
100250,서비스업,KOSPI
051630,화학,KOSPI
002780,건설업,KOSPI
002787,건설업,KOSPI
002785,건설업,KOSPI
007200,기타금융,KOSPI
009310,기계,KOSPI
000650,운수창고업,KOSPI
012410,전기전자,KOSPI
012600,기계,KOSPI
033250,운수장비,KOSPI
006380,화학,KOSPI
004620,섬유의복,KOSPI
011050,전기전자,KOSPI
011400,운수장비,KOSPI
029460,의료정밀,KOSPI
007460,기계,KOSPI
101790,서비스업,KOSPI
009690,전기전자,KOSPI
064420,화학,KOSPI
090970,서비스업,KOSPI
090980,서비스업,KOSPI
090990,서비스업,KOSPI
091000,서비스업,KOSPI
093400,서비스업,KOSPI
093410,서비스업,KOSPI
099210,서비스업,KOSPI
007815,전기전자,KOSPI
007810,전기전자,KOSPI
003690,보험,KOSPI
044820,화학,KOSPI
005420,화학,KOSPI
071950,유통업,KOSPI
071955,유통업,KOSPI
002020,화학,KOSPI
002027,화학,KOSPI
003070,건설업,KOSPI
003075,건설업,KOSPI
002025,화학,KOSPI
086720,서비스업,KOSPI
090540,서비스업,KOSPI
031820,서비스업,KOSPI
015260,전기전자,KOSPI
005740,음식료품,KOSPI
005745,음식료품,KOSPI
015890,화학,KOSPI
006890,화학,KOSPI
003240,화학,KOSPI
011280,종이목재,KOSPI
004100,운수장비,KOSPI
004105,운수장비,KOSPI
009410,건설업,KOSPI
009415,건설업,KOSPI
001420,운수장비,KOSPI
007490,섬유의복,KOSPI
002790,서비스업,KOSPI
002797,서비스업,KOSPI
007980,섬유의복,KOSPI
002795,서비스업,KOSPI
016570,의약품,KOSPI
016575,의약품,KOSPI
078000,서비스업,KOSPI
012580,섬유의복,KOSPI
102280,섬유의복,KOSPI
019180,전기전자,KOSPI
014590,섬유의복,KOSPI
008900,서비스업,KOSPI
101990,운수장비,KOSPI
010820,기계,KOSPI
016800,기타제조업,KOSPI
001020,종이목재,KOSPI
090080,운수장비,KOSPI
010770,서비스업,KOSPI
058430,철강금속,KOSPI
103160,유통업,KOSPI
017810,서비스업,KOSPI
001310,건설업,KOSPI
103140,철강금속,KOSPI
005810,서비스업,KOSPI
017170,서비스업,KOSPI
033180,전기전자,KOSPI
086790,기타금융,KOSPI
099340,기타금융,KOSPI
099350,기타금융,KOSPI
000660,전기전자,KOSPI
071090,철강금속,KOSPI
019490,전기전자,KOSPI
103150,음식료품,KOSPI
103155,음식료품,KOSPI
000140,서비스업,KOSPI
000145,서비스업,KOSPI
036460,전기가스업,KOSPI
010460,기타금융,KOSPI
005430,운수창고업,KOSPI
071050,기타금융,KOSPI
071057,기타금융,KOSPI
071055,기타금융,KOSPI
008320,전기전자,KOSPI
010040,비금속광물,KOSPI
025540,전기전자,KOSPI
004090,비금속광물,KOSPI
002960,화학,KOSPI
003060,의약품,KOSPI
098150,기타금융,KOSPI
002000,비금속광물,KOSPI
002005,비금속광물,KOSPI
093820,기타금융,KOSPI
025610,기타금융,KOSPI
015760,전기가스업,KOSPI
002300,종이목재,KOSPI
025890,기계,KOSPI
000970,철강금속,KOSPI
104700,철강금속,KOSPI
017960,기계,KOSPI
024720,화학,KOSPI
000240,화학,KOSPI
007280,철강금속,KOSPI
010100,운수장비,KOSPI
003350,화학,KOSPI
011500,화학,KOSPI
002390,의약품,KOSPI
014790,건설업,KOSPI
018880,기계,KOSPI
042700,기계,KOSPI
008930,의약품,KOSPI
009240,유통업,KOSPI
020000,섬유의복,KOSPI
003680,음식료품,KOSPI
016450,섬유의복,KOSPI
009180,운수창고업,KOSPI
004710,전기전자,KOSPI
010420,서비스업,KOSPI
004150,종이목재,KOSPI
014680,화학,KOSPI
025750,종이목재,KOSPI
012170,전기전자,KOSPI
004960,건설업,KOSPI
004965,건설업,KOSPI
011700,기계,KOSPI
034310,서비스업,KOSPI
001750,증권,KOSPI
001755,증권,KOSPI
009420,의약품,KOSPI
014130,운수창고업,KOSPI
006440,건설업,KOSPI
003300,비금속광물,KOSPI
007860,운수장비,KOSPI
002220,철강금속,KOSPI
051600,건설업,KOSPI
002320,운수창고업,KOSPI
097230,운수장비,KOSPI
003480,서비스업,KOSPI
000700,운수창고업,KOSPI
005110,전기전자,KOSPI
009460,종이목재,KOSPI
000880,화학,KOSPI
009830,화학,KOSPI
009835,화학,KOSPI
000370,보험,KOSPI
000885,화학,KOSPI
003530,증권,KOSPI
003535,증권,KOSPI
027390,유통업,KOSPI
016510,유통업,KOSPI
089470,화학,KOSPI
005440,유통업,KOSPI
000720,건설업,KOSPI
000725,건설업,KOSPI
018410,유통업,KOSPI
018417,유통업,KOSPI
018415,유통업,KOSPI
012330,운수장비,KOSPI
012335,운수장비,KOSPI
010620,운수장비,KOSPI
069960,유통업,KOSPI
012630,건설업,KOSPI
011760,유통업,KOSPI
011200,운수창고업,KOSPI
006390,비금속광물,KOSPI
004310,의약품,KOSPI
017800,기계,KOSPI
042100,전기전자,KOSPI
004020,철강금속,KOSPI
004025,철강금속,KOSPI
009540,운수장비,KOSPI
003450,증권,KOSPI
005380,운수장비,KOSPI
005387,운수장비,KOSPI
005389,운수장비,KOSPI
005385,운수장비,KOSPI
011720,화학,KOSPI
010520,철강금속,KOSPI
001450,보험,KOSPI
003010,유통업,KOSPI
011170,화학,KOSPI
008770,유통업,KOSPI
008775,유통업,KOSPI
002460,건설업,KOSPI
013520,운수장비,KOSPI
006060,화학,KOSPI
010690,운수장비,KOSPI
010660,기계,KOSPI
000850,기계,KOSPI
950010,섬유의복,KOSPI
016580,의약품,KOSPI
004800,화학,KOSPI
094280,서비스업,KOSPI
093370,화학,KOSPI
037270,서비스업,KOSPI
005870,전기전자,KOSPI
006210,전기전자,KOSPI
005010,철강금속,KOSPI
069260,화학,KOSPI
000540,보험,KOSPI
000547,보험,KOSPI
000545,보험,KOSPI
003280,운수창고업,KOSPI
114090,서비스업,KOSPI
109070,종이목재,KOSPI
108670,화학,KOSPI
108675,화학,KOSPI
034730,서비스업,KOSPI
071970,기계,KOSPI
108890,서비스업,KOSPI
114130,서비스업,KOSPI
114140,서비스업,KOSPI
028100,건설업,KOSPI
082640,보험,KOSPI
107590,화학,KOSPI
108070,의료정밀,KOSPI
047400,비금속광물,KOSPI
033660,기타금융,KOSPI
007197,종이목재,KOSPI
093240,섬유의복,KOSPI
111770,유통업,KOSPI
118000,유통업,KOSPI
900050,서비스업,KOSPI
000080,음식료품,KOSPI
039490,증권,KOSPI
053690,서비스업,KOSPI
105630,섬유의복,KOSPI
052690,서비스업,KOSPI
117930,운수창고업,KOSPI
114410,음식료품,KOSPI
032560,철강금속,KOSPI
119650,기계,KOSPI
058850,서비스업,KOSPI
000687,유통업,KOSPI
123700,운수장비,KOSPI
134000,서비스업,KOSPI
119250,서비스업,KOSPI
105380,서비스업,KOSPI
117580,전기가스업,KOSPI
128820,유통업,KOSPI
121910,기타금융,KOSPI
088350,보험,KOSPI
001799,음식료품,KOSPI
002150,서비스업,KOSPI
122290,기타금융,KOSPI
030790,서비스업,KOSPI
115390,화학,KOSPI
060980,운수장비,KOSPI
033920,음식료품,KOSPI
032830,보험,KOSPI
031440,서비스업,KOSPI
122900,유통업,KOSPI
012160,철강금속,KOSPI
122750,기타금융,KOSPI
105840,의료정밀,KOSPI
103130,전기전자,KOSPI
102460,의약품,KOSPI
120030,기계,KOSPI
071320,전기가스업,KOSPI
058860,서비스업,KOSPI
900140,서비스업,KOSPI
120110,화학,KOSPI
120115,화학,KOSPI
121550,서비스업,KOSPI
123690,유통업,KOSPI
128940,의약품,KOSPI
130660,서비스업,KOSPI
126560,서비스업,KOSPI
057050,유통업,KOSPI
081660,유통업,KOSPI
138930,기타금융,KOSPI
139130,기타금융,KOSPI
007070,유통업,KOSPI
140910,서비스업,KOSPI
110570,전기전자,KOSPI
082740,기계,KOSPI
138040,기타금융,KOSPI
134380,화학,KOSPI
145990,음식료품,KOSPI
145995,음식료품,KOSPI
023000,운수장비,KOSPI
136490,음식료품,KOSPI
019440,철강금속,KOSPI
053210,서비스업,KOSPI
031430,유통업,KOSPI
078520,화학,KOSPI
069640,섬유의복,KOSPI
139480,유통업,KOSPI
138440,서비스업,KOSPI
129260,운수창고업,KOSPI
020150,전기전자,KOSPI
950070,서비스업,KOSPI
022520,유통업,KOSPI
138490,화학,KOSPI
140890,서비스업,KOSPI
134790,기타제조업,KOSPI
039130,서비스업,KOSPI
139200,서비스업,KOSPI
071840,유통업,KOSPI
000087,음식료품,KOSPI
023350,서비스업,KOSPI
047810,운수장비,KOSPI
011210,운수장비,KOSPI
068400,서비스업,KOSPI
037560,서비스업,KOSPI
950100,기타금융,KOSPI
163560,화학,KOSPI
155900,서비스업,KOSPI
014710,음식료품,KOSPI
161000,화학,KOSPI
013870,운수장비,KOSPI
149130,서비스업,KOSPI
145270,서비스업,KOSPI
144620,화학,KOSPI
153360,서비스업,KOSPI
159650,서비스업,KOSPI
152550,기타금융,KOSPI
161890,화학,KOSPI
161390,화학,KOSPI
003457,증권,KOSPI
079980,화학,KOSPI
155660,섬유의복,KOSPI
175330,기타금융,KOSPI
181710,서비스업,KOSPI
170900,의약품,KOSPI
006880,서비스업,KOSPI
183190,비금속광물,KOSPI
185750,의약품,KOSPI
00781K,전기전자,KOSPI
172580,서비스업,KOSPI
168490,기타금융,KOSPI
180640,서비스업,KOSPI
18064K,서비스업,KOSPI
064350,운수장비,KOSPI
027410,유통업,KOSPI
192520,기타금융,KOSPI
192530,기타금융,KOSPI
204320,운수장비,KOSPI
018260,서비스업,KOSPI
112610,기계,KOSPI
000030,은행,KOSPI
028260,섬유의복,KOSPI
192820,화학,KOSPI
192400,전기전자,KOSPI
200880,운수장비,KOSPI
133820,철강금속,KOSPI
095570,서비스업,KOSPI
079550,기계,KOSPI
03473K,서비스업,KOSPI
214390,의약품,KOSPI
214330,운수장비,KOSPI
002690,철강금속,KOSPI
210540,기계,KOSPI
085620,보험,KOSPI
02826K,유통업,KOSPI
075580,운수장비,KOSPI
145210,기계,KOSPI
039570,건설업,KOSPI
210980,서비스업,KOSPI
138250,유통업,KOSPI
214320,서비스업,KOSPI
226320,유통업,KOSPI
089590,운수창고업,KOSPI
152330,비금속광물,KOSPI
214420,화학,KOSPI
213500,종이목재,KOSPI
227840,유통업,KOSPI
234080,의약품,KOSPI
229640,서비스업,KOSPI
004440,비금속광물,KOSPI
026960,유통업,KOSPI
241560,서비스업,KOSPI
016740,운수장비,KOSPI
204210,서비스업,KOSPI
207940,의약품,KOSPI
248170,음식료품,KOSPI
070960,서비스업,KOSPI
249420,의약품,KOSPI
194370,기타제조업,KOSPI
123890,기타금융,KOSPI
034830,기타금융,KOSPI
00088K,화학,KOSPI
195870,전기전자,KOSPI
101530,음식료품,KOSPI
143210,운수장비,KOSPI
241590,서비스업,KOSPI
282330,유통업,KOSPI
267290,전기가스업,KOSPI
251270,서비스업,KOSPI
145720,의료정밀,KOSPI
282690,화학,KOSPI
092780,운수장비,KOSPI
280360,음식료품,KOSPI
00499K,음식료품,KOSPI
268280,화학,KOSPI
272550,화학,KOSPI
079440,보험,KOSPI
271560,음식료품,KOSPI
271980,의약품,KOSPI
272450,운수창고업,KOSPI
035720,서비스업,KOSPI
281820,의료정밀,KOSPI
264900,음식료품,KOSPI
26490K,음식료품,KOSPI
055490,화학,KOSPI
267270,기계,KOSPI
267250,기타금융,KOSPI
267260,전기전자,KOSPI
111110,섬유의복,KOSPI
294870,건설업,KOSPI
285130,화학,KOSPI
28513K,화학,KOSPI
00806K,전기전자,KOSPI
286940,서비스업,KOSPI
00680K,증권,KOSPI
306200,철강금속,KOSPI
068270,의약품,KOSPI
293940,서비스업,KOSPI
267850,서비스업,KOSPI
018250,화학,KOSPI
298690,운수창고업,KOSPI
010400,건설업,KOSPI
088260,서비스업,KOSPI
284740,서비스업,KOSPI
091810,운수창고업,KOSPI
293480,의약품,KOSPI
300720,비금속광물,KOSPI
298040,전기전자,KOSPI
298050,화학,KOSPI
298020,화학,KOSPI
298000,화학,KOSPI
00104K,기타금융,KOSPI
338100,서비스업,KOSPI
192080,서비스업,KOSPI
336370,전기전자,KOSPI
33637K,전기전자,KOSPI
33637L,전기전자,KOSPI
336260,전기전자,KOSPI
33626K,전기전자,KOSPI
33626L,전기전자,KOSPI
192650,전기전자,KOSPI
330590,서비스업,KOSPI
308170,운수장비,KOSPI
00279K,화학,KOSPI
316140,기타금융,KOSPI
317400,서비스업,KOSPI
036420,서비스업,KOSPI
013890,기타제조업,KOSPI
003670,비금속광물,KOSPI
272210,의료정밀,KOSPI
322000,전기전자,KOSPI
307950,서비스업,KOSPI
365550,서비스업,KOSPI
326030,서비스업,KOSPI
339770,유통업,KOSPI
353200,전기전자,KOSPI
35320K,전기전자,KOSPI
009900,운수장비,KOSPI
357250,서비스업,KOSPI
352820,서비스업,KOSPI
244920,기타금융,KOSPI
350520,서비스업,KOSPI
334890,서비스업,KOSPI
348950,서비스업,KOSPI
344820,비금속광물,KOSPI
357120,서비스업,KOSPI
363280,기타금융,KOSPI
36328K,기타금융,KOSPI
375500,건설업,KOSPI
37550K,건설업,KOSPI
383220,섬유의복,KOSPI
383800,기타금융,KOSPI
38380K,기타금융,KOSPI
400760,서비스업,KOSPI
178920,화학,KOSPI
395400,서비스업,KOSPI
302440,의약품,KOSPI
402340,기타금융,KOSPI
361610,전기전자,KOSPI
377190,서비스업,KOSPI
089860,서비스업,KOSPI
396690,서비스업,KOSPI
248070,전기전자,KOSPI
404990,서비스업,KOSPI
139990,철강금속,KOSPI
137310,의료정밀,KOSPI
380440,기타금융,KOSPI
097520,전기전자,KOSPI
271940,운수장비,KOSPI
323410,은행,KOSPI
377300,기타금융,KOSPI
381970,유통업,KOSPI
259960,서비스업,KOSPI
950210,서비스업,KOSPI
372910,의료정밀,KOSPI
329180,운수장비,KOSPI
378850,운수장비,KOSPI
37550L,건설업,KOSPI
432320,서비스업,KOSPI
373220,전기전자,KOSPI
108320,전기전자,KOSPI
357430,서비스업,KOSPI
377740,의약품,KOSPI
126720,건설업,KOSPI
403550,서비스업,KOSPI
446070,종이목재,KOSPI
417310,서비스업,KOSPI
456040,화학,KOSPI
100090,철강금속,KOSPI
460850,철강금속,KOSPI
460860,철강금속,KOSPI
090460,전기전자,KOSPI
448730,서비스업,KOSPI
457190,화학,KOSPI
450140,유통업,KOSPI
45014K,유통업,KOSPI
452260,유통업,KOSPI
45226K,유통업,KOSPI
451800,서비스업,KOSPI
453340,유통업,KOSPI
069110,통신장비,KOSDAQ
060310,기계·장비,KOSDAQ
036360,통신장비,KOSDAQ
900010,기타서비스,KOSDAQ
013340,금속,KOSDAQ
031860,디지털컨텐츠,KOSDAQ
048550,기타제조,KOSDAQ
065770,통신장비,KOSDAQ
037150,인터넷,KOSDAQ
051500,유통,KOSDAQ
035760,방송서비스,KOSDAQ
035710,유통,KOSDAQ
050470,유통,KOSDAQ
023460,금융,KOSDAQ
064060,기계·장비,KOSDAQ
056340,IT부품,KOSDAQ
068790,기계·장비,KOSDAQ
065340,정보기기,KOSDAQ
037370,화학,KOSDAQ
080220,반도체,KOSDAQ
079190,통신장비,KOSDAQ
054020,정보기기,KOSDAQ
083450,반도체,KOSDAQ
028150,방송서비스,KOSDAQ
053870,통신장비,KOSDAQ
041590,IT부품,KOSDAQ
052310,오락·문화,KOSDAQ
007640,금융,KOSDAQ
036640,화학,KOSDAQ
053950,유통,KOSDAQ
007720,유통,KOSDAQ
060910,IT부품,KOSDAQ
038710,컴퓨터서비스,KOSDAQ
080570,건설,KOSDAQ
026230,기계·장비,KOSDAQ
095340,반도체,KOSDAQ
036420,출판·매체복제,KOSDAQ
067000,디지털컨텐츠,KOSDAQ
065310,섬유·의류,KOSDAQ
037110,컴퓨터서비스,KOSDAQ
021320,건설,KOSDAQ
036670,화학,KOSDAQ
068060,운송장비·부품,KOSDAQ
060720,IT부품,KOSDAQ
083470,IT부품,KOSDAQ
039420,통신서비스,KOSDAQ
036760,정보기기,KOSDAQ
043610,디지털컨텐츠,KOSDAQ
036030,인터넷,KOSDAQ
019660,금융,KOSDAQ
060370,건설,KOSDAQ
016990,IT부품,KOSDAQ
052300,운송,KOSDAQ
086960,소프트웨어,KOSDAQ
046320,유통,KOSDAQ
078150,기계·장비,KOSDAQ
025340,금융,KOSDAQ
065910,컴퓨터서비스,KOSDAQ
091340,IT부품,KOSDAQ
046140,디지털컨텐츠,KOSDAQ
040610,운송,KOSDAQ
090730,금속,KOSDAQ
033630,통신서비스,KOSDAQ
066270,인터넷,KOSDAQ
051980,통신장비,KOSDAQ
071660,화학,KOSDAQ
031800,IT부품,KOSDAQ
036540,반도체,KOSDAQ
032540,일반전기전자,KOSDAQ
048770,기계·장비,KOSDAQ
057030,디지털컨텐츠,KOSDAQ
023770,디지털컨텐츠,KOSDAQ
040300,방송서비스,KOSDAQ
052220,디지털컨텐츠,KOSDAQ
079940,인터넷,KOSDAQ
078890,통신장비,KOSDAQ
030270,섬유·의류,KOSDAQ
041140,기계·장비,KOSDAQ
039240,금속,KOSDAQ
011040,제약,KOSDAQ
019120,섬유·의류,KOSDAQ
024910,운송장비·부품,KOSDAQ
089890,반도체,KOSDAQ
049720,기타서비스,KOSDAQ
014570,제약,KOSDAQ
098460,기계·장비,KOSDAQ
038500,광업,KOSDAQ
014200,운송장비·부품,KOSDAQ
026910,금속,KOSDAQ
090150,운송장비·부품,KOSDAQ
053270,운송장비·부품,KOSDAQ
066620,기타서비스,KOSDAQ
043650,음식료·담배,KOSDAQ
006050,비금속,KOSDAQ
078130,종이·목재,KOSDAQ
053740,반도체,KOSDAQ
037510,금융,KOSDAQ
065270,화학,KOSDAQ
051530,오락·문화,KOSDAQ
019010,유통,KOSDAQ
033880,섬유·의류,KOSDAQ
033885,섬유·의류,KOSDAQ
044180,기계·장비,KOSDAQ
034600,기타서비스,KOSDAQ
037830,금속,KOSDAQ
053260,금속,KOSDAQ
036190,건설,KOSDAQ
004790,통신장비,KOSDAQ
035460,통신장비,KOSDAQ
054120,오락·문화,KOSDAQ
039860,의료·정밀기기,KOSDAQ
091970,화학,KOSDAQ
010670,유통,KOSDAQ
071360,IT부품,KOSDAQ
051490,기계·장비,KOSDAQ
032800,정보기기,KOSDAQ
036850,반도체,KOSDAQ
067160,소프트웨어,KOSDAQ
036800,통신서비스,KOSDAQ
037540,의료·정밀기기,KOSDAQ
058550,유통,KOSDAQ
036610,오락·문화,KOSDAQ
096040,소프트웨어,KOSDAQ
042510,통신장비,KOSDAQ
042420,기타서비스,KOSDAQ
095660,디지털컨텐츠,KOSDAQ
085910,기계·장비,KOSDAQ
092730,화학,KOSDAQ
017680,섬유·의류,KOSDAQ
033640,반도체,KOSDAQ
087730,반도체,KOSDAQ
033430,반도체,KOSDAQ
019430,금융,KOSDAQ
073070,운송장비·부품,KOSDAQ
081970,소프트웨어,KOSDAQ
038990,IT부품,KOSDAQ
089140,기계·장비,KOSDAQ
092600,반도체,KOSDAQ
035450,컴퓨터서비스,KOSDAQ
098400,반도체,KOSDAQ
033280,소프트웨어,KOSDAQ
047730,통신장비,KOSDAQ
054050,"농업, 임업 및 어업",KOSDAQ
040160,소프트웨어,KOSDAQ
041060,디지털컨텐츠,KOSDAQ
060260,화학,KOSDAQ
012340,IT부품,KOSDAQ
054650,유통,KOSDAQ
085670,IT부품,KOSDAQ
053290,출판·매체복제,KOSDAQ
023430,통신서비스,KOSDAQ
064260,디지털컨텐츠,KOSDAQ
067990,기계·장비,KOSDAQ
093640,반도체,KOSDAQ
090710,기계·장비,KOSDAQ
039560,통신장비,KOSDAQ
043710,IT부품,KOSDAQ
032190,유통,KOSDAQ
077280,반도체,KOSDAQ
035720,인터넷,KOSDAQ
055250,기계·장비,KOSDAQ
085990,반도체,KOSDAQ
040670,통신장비,KOSDAQ
020400,금속,KOSDAQ
008830,기계·장비,KOSDAQ
048470,금속,KOSDAQ
004780,금속,KOSDAQ
017650,종이·목재,KOSDAQ
078140,제약,KOSDAQ
031990,운송장비·부품,KOSDAQ
036480,제약,KOSDAQ
025440,일반전기전자,KOSDAQ
019570,금융,KOSDAQ
020180,컴퓨터서비스,KOSDAQ
045390,소프트웨어,KOSDAQ
006580,종이·목재,KOSDAQ
016890,제약,KOSDAQ
048910,오락·문화,KOSDAQ
005710,운송장비·부품,KOSDAQ
003310,음식료·담배,KOSDAQ
078600,IT부품,KOSDAQ
065500,운송장비·부품,KOSDAQ
065690,화학,KOSDAQ
096350,운송장비·부품,KOSDAQ
054670,제약,KOSDAQ
023910,제약,KOSDAQ
067080,제약,KOSDAQ
045380,소프트웨어,KOSDAQ
077360,반도체,KOSDAQ
013650,섬유·의류,KOSDAQ
027710,음식료·담배,KOSDAQ
078610,IT부품,KOSDAQ
005160,금속,KOSDAQ
075970,비금속,KOSDAQ
086450,제약,KOSDAQ
044640,컴퓨터서비스,KOSDAQ
031960,섬유·의류,KOSDAQ
026960,유통,KOSDAQ
025950,건설,KOSDAQ
009730,금속,KOSDAQ
088130,기계·장비,KOSDAQ
041930,화학,KOSDAQ
049180,기타서비스,KOSDAQ
023020,일반전기전자,KOSDAQ
030790,컴퓨터서비스,KOSDAQ
060380,금속,KOSDAQ
079960,IT부품,KOSDAQ
007150,통신장비,KOSDAQ
088910,음식료·담배,KOSDAQ
013120,건설,KOSDAQ
032960,IT부품,KOSDAQ
023790,금속,KOSDAQ
005290,반도체,KOSDAQ
025900,기타서비스,KOSDAQ
078590,운송장비·부품,KOSDAQ
073190,기타제조,KOSDAQ
046400,정보기기,KOSDAQ
066670,IT부품,KOSDAQ
074130,IT부품,KOSDAQ
037240,IT부품,KOSDAQ
090090,인터넷,KOSDAQ
051710,IT부품,KOSDAQ
016040,운송장비·부품,KOSDAQ
066900,IT부품,KOSDAQ
092070,화학,KOSDAQ
039840,의료·정밀기기,KOSDAQ
085660,IT부품,KOSDAQ
079810,기계·장비,KOSDAQ
043360,정보기기,KOSDAQ
060240,컴퓨터서비스,KOSDAQ
068930,기타서비스,KOSDAQ
056010,정보기기,KOSDAQ
038340,일반전기전자,KOSDAQ
091690,IT부품,KOSDAQ
033130,디지털컨텐츠,KOSDAQ
043680,오락·문화,KOSDAQ
033310,금속,KOSDAQ
050120,유통,KOSDAQ
038390,기타서비스,KOSDAQ
047440,IT부품,KOSDAQ
060570,정보기기,KOSDAQ
026040,의료·정밀기기,KOSDAQ
016170,출판·매체복제,KOSDAQ
071280,일반전기전자,KOSDAQ
080140,통신장비,KOSDAQ
038060,반도체,KOSDAQ
082800,반도체,KOSDAQ
051170,기계·장비,KOSDAQ
085370,의료·정밀기기,KOSDAQ
033550,유통,KOSDAQ
042940,건설,KOSDAQ
058470,IT부품,KOSDAQ
038120,의료·정밀기기,KOSDAQ
039980,컴퓨터서비스,KOSDAQ
012700,유통,KOSDAQ
042500,컴퓨터서비스,KOSDAQ
088700,금속,KOSDAQ
037380,일반전기전자,KOSDAQ
098120,반도체,KOSDAQ
038290,기타서비스,KOSDAQ
030420,디지털컨텐츠,KOSDAQ
005990,음식료·담배,KOSDAQ
093520,유통,KOSDAQ
054180,유통,KOSDAQ
072870,기타서비스,KOSDAQ
078160,제약,KOSDAQ
065650,디지털컨텐츠,KOSDAQ
065150,반도체,KOSDAQ
035830,오락·문화,KOSDAQ
059210,제약,KOSDAQ
028090,유통,KOSDAQ
019990,기계·장비,KOSDAQ
089240,정보기기,KOSDAQ
080160,기타서비스,KOSDAQ
018890,화학,KOSDAQ
051810,일반전기전자,KOSDAQ
046440,소프트웨어,KOSDAQ
041310,일반전기전자,KOSDAQ
085680,소프트웨어,KOSDAQ
033200,IT부품,KOSDAQ
079560,IT부품,KOSDAQ
058900,소프트웨어,KOSDAQ
006920,비금속,KOSDAQ
001810,종이·목재,KOSDAQ
033920,음식료·담배,KOSDAQ
034510,금융,KOSDAQ
053890,출판·매체복제,KOSDAQ
086980,오락·문화,KOSDAQ
095500,IT부품,KOSDAQ
049950,기계·장비,KOSDAQ
056710,소프트웨어,KOSDAQ
094700,IT부품,KOSDAQ
078940,금속,KOSDAQ
021040,금속,KOSDAQ
021045,금속,KOSDAQ
053040,화학,KOSDAQ
002670,금속,KOSDAQ
094480,소프트웨어,KOSDAQ
018700,종이·목재,KOSDAQ
064520,반도체,KOSDAQ
053030,제약,KOSDAQ
027830,금융,KOSDAQ
084990,기타서비스,KOSDAQ
064550,제약,KOSDAQ
052260,화학,KOSDAQ
046350,IT부품,KOSDAQ
038460,정보기기,KOSDAQ
041830,의료·정밀기기,KOSDAQ
086040,기타서비스,KOSDAQ
043150,의료·정밀기기,KOSDAQ
046310,유통,KOSDAQ
066110,정보기기,KOSDAQ
036620,컴퓨터서비스,KOSDAQ
083650,기계·장비,KOSDAQ
088810,화학,KOSDAQ
071530,유통,KOSDAQ
014100,화학,KOSDAQ
006910,일반전기전자,KOSDAQ
014470,유통,KOSDAQ
025270,섬유·의류,KOSDAQ
026260,IT부품,KOSDAQ
064480,컴퓨터서비스,KOSDAQ
035400,정보기기,KOSDAQ
035405,정보기기,KOSDAQ
033720,소프트웨어,KOSDAQ
033725,소프트웨어,KOSDAQ
052900,반도체,KOSDAQ
045970,기타서비스,KOSDAQ
090460,IT부품,KOSDAQ
047940,음식료·담배,KOSDAQ
023670,일반전기전자,KOSDAQ
086670,기계·장비,KOSDAQ
015050,IT부품,KOSDAQ
054220,일반전기전자,KOSDAQ
042370,일반전기전자,KOSDAQ
032850,소프트웨어,KOSDAQ
032680,정보기기,KOSDAQ
032685,정보기기,KOSDAQ
093190,정보기기,KOSDAQ
065450,의료·정밀기기,KOSDAQ
069540,통신장비,KOSDAQ
040020,통신장비,KOSDAQ
066690,소프트웨어,KOSDAQ
063280,소프트웨어,KOSDAQ
016100,종이·목재,KOSDAQ
079870,IT부품,KOSDAQ
100090,금속,KOSDAQ
014970,종이·목재,KOSDAQ
018310,기계·장비,KOSDAQ
007390,금속,KOSDAQ
009620,금속,KOSDAQ
023600,종이·목재,KOSDAQ
009300,제약,KOSDAQ
054540,금속,KOSDAQ
065570,통신장비,KOSDAQ
026250,금속,KOSDAQ
073640,금속,KOSDAQ
032280,운송,KOSDAQ
002290,건설,KOSDAQ
009520,금속,KOSDAQ
037460,통신장비,KOSDAQ
032750,일반전기전자,KOSDAQ
054090,IT부품,KOSDAQ
000250,제약,KOSDAQ
024950,유통,KOSDAQ
017480,금속,KOSDAQ
014420,일반전기전자,KOSDAQ
046390,오락·문화,KOSDAQ
027580,IT부품,KOSDAQ
091580,IT부품,KOSDAQ
072530,반도체,KOSDAQ
042600,IT부품,KOSDAQ
065620,금속,KOSDAQ
066300,화학,KOSDAQ
038070,유통,KOSDAQ
006730,유통,KOSDAQ
079650,비금속,KOSDAQ
046890,반도체,KOSDAQ
036120,기타서비스,KOSDAQ
063170,유통,KOSDAQ
027040,일반전기전자,KOSDAQ
018680,제약,KOSDAQ
093920,IT부품,KOSDAQ
016140,숙박·음식,KOSDAQ
011370,건설,KOSDAQ
065710,일반전기전자,KOSDAQ
033790,통신장비,KOSDAQ
035890,건설,KOSDAQ
003100,운송,KOSDAQ
065560,소프트웨어,KOSDAQ
068770,기계·장비,KOSDAQ
014620,금속,KOSDAQ
037350,건설,KOSDAQ
053440,운송장비·부품,KOSDAQ
081580,IT부품,KOSDAQ
045300,반도체,KOSDAQ
015750,운송장비·부품,KOSDAQ
015200,금속,KOSDAQ
080470,운송장비·부품,KOSDAQ
043260,IT부품,KOSDAQ
047600,기타서비스,KOSDAQ
024940,금속,KOSDAQ
053060,운송장비·부품,KOSDAQ
017510,금속,KOSDAQ
081220,반도체,KOSDAQ
011560,건설,KOSDAQ
084450,제약,KOSDAQ
100700,제약,KOSDAQ
024830,운송장비·부품,KOSDAQ
039310,기타서비스,KOSDAQ
053330,기계·장비,KOSDAQ
067770,IT부품,KOSDAQ
053450,의료·정밀기기,KOSDAQ
058420,오락·문화,KOSDAQ
068270,제약,KOSDAQ
036490,반도체,KOSDAQ
053110,디지털컨텐츠,KOSDAQ
035010,유통,KOSDAQ
052190,디지털컨텐츠,KOSDAQ
054920,소프트웨어,KOSDAQ
066910,기타제조,KOSDAQ
043100,의료·정밀기기,KOSDAQ
057500,반도체,KOSDAQ
035610,통신서비스,KOSDAQ
084180,기계·장비,KOSDAQ
094840,컴퓨터서비스,KOSDAQ
058820,제약,KOSDAQ
017050,유통,KOSDAQ
036260,기타서비스,KOSDAQ
013810,기계·장비,KOSDAQ
039670,출판·매체복제,KOSDAQ
049830,기타제조,KOSDAQ
020710,기타서비스,KOSDAQ
025320,IT부품,KOSDAQ
001000,섬유·의류,KOSDAQ
025870,음식료·담배,KOSDAQ
031920,금융,KOSDAQ
065350,일반전기전자,KOSDAQ
031440,숙박·음식,KOSDAQ
086830,IT부품,KOSDAQ
017000,건설,KOSDAQ
012790,제약,KOSDAQ
078700,소프트웨어,KOSDAQ
012860,운송장비·부품,KOSDAQ
032040,기타서비스,KOSDAQ
056700,화학,KOSDAQ
082930,반도체,KOSDAQ
036710,반도체,KOSDAQ
033260,섬유·의류,KOSDAQ
012650,건설,KOSDAQ
010280,컴퓨터서비스,KOSDAQ
053050,컴퓨터서비스,KOSDAQ
060670,IT부품,KOSDAQ
037760,금속,KOSDAQ
041550,IT부품,KOSDAQ
096630,기계·장비,KOSDAQ
099320,통신장비,KOSDAQ
049960,제약,KOSDAQ
030390,유통,KOSDAQ
050890,통신장비,KOSDAQ
073710,컴퓨터서비스,KOSDAQ
081090,통신장비,KOSDAQ
066790,방송서비스,KOSDAQ
086200,통신장비,KOSDAQ
038880,반도체,KOSDAQ
009010,일반전기전자,KOSDAQ
060590,유통,KOSDAQ
036170,반도체,KOSDAQ
013990,유통,KOSDAQ
078670,통신장비,KOSDAQ
050320,컴퓨터서비스,KOSDAQ
072770,소프트웨어,KOSDAQ
058220,통신장비,KOSDAQ
052710,IT부품,KOSDAQ
083930,기계·장비,KOSDAQ
036010,IT부품,KOSDAQ
039790,IT부품,KOSDAQ
032860,통신장비,KOSDAQ
054800,통신장비,KOSDAQ
078780,IT부품,KOSDAQ
072430,기타제조,KOSDAQ
033850,기계·장비,KOSDAQ
033855,기계·장비,KOSDAQ
084810,기계·장비,KOSDAQ
101390,유통,KOSDAQ
066850,정보기기,KOSDAQ
065180,기타서비스,KOSDAQ
031310,유통,KOSDAQ
059100,IT부품,KOSDAQ
052460,컴퓨터서비스,KOSDAQ
051820,반도체,KOSDAQ
040740,디지털컨텐츠,KOSDAQ
032080,섬유·의류,KOSDAQ
013780,반도체,KOSDAQ
030530,반도체,KOSDAQ
023890,IT부품,KOSDAQ
001540,제약,KOSDAQ
053800,소프트웨어,KOSDAQ
025970,금속,KOSDAQ
046430,유통,KOSDAQ
096610,반도체,KOSDAQ
061040,통신장비,KOSDAQ
032290,IT부품,KOSDAQ
022220,화학,KOSDAQ
052790,디지털컨텐츠,KOSDAQ
047710,통신장비,KOSDAQ
059720,디지털컨텐츠,KOSDAQ
030960,출판·매체복제,KOSDAQ
049470,정보기기,KOSDAQ
042820,통신장비,KOSDAQ
038320,소프트웨어,KOSDAQ
054150,유통,KOSDAQ
045260,유통,KOSDAQ
067630,기타서비스,KOSDAQ
035290,기타서비스,KOSDAQ
031950,컴퓨터서비스,KOSDAQ
025980,오락·문화,KOSDAQ
041440,기계·장비,KOSDAQ
020070,유통,KOSDAQ
020075,유통,KOSDAQ
070480,기계·장비,KOSDAQ
038680,컴퓨터서비스,KOSDAQ
066930,제약,KOSDAQ
097780,IT부품,KOSDAQ
037630,음식료·담배,KOSDAQ
042110,일반전기전자,KOSDAQ
042870,유통,KOSDAQ
095910,IT부품,KOSDAQ
031330,유통,KOSDAQ
060540,통신장비,KOSDAQ
056190,기계·장비,KOSDAQ
080000,기계·장비,KOSDAQ
037320,유통,KOSDAQ
041510,출판·매체복제,KOSDAQ
032790,정보기기,KOSDAQ
069510,일반전기전자,KOSDAQ
041910,제약,KOSDAQ
026220,유통,KOSDAQ
039440,반도체,KOSDAQ
052020,화학,KOSDAQ
050760,화학,KOSDAQ
058610,IT부품,KOSDAQ
048130,유통,KOSDAQ
043340,기계·장비,KOSDAQ
066700,기계·장비,KOSDAQ
054630,유통,KOSDAQ
079950,기계·장비,KOSDAQ
074430,반도체,KOSDAQ
078520,화학,KOSDAQ
036550,IT부품,KOSDAQ
088800,통신장비,KOSDAQ
038690,IT부품,KOSDAQ
003800,기타제조,KOSDAQ
032930,통신장비,KOSDAQ
071930,반도체,KOSDAQ
044770,일반전기전자,KOSDAQ
044775,일반전기전자,KOSDAQ
088960,IT부품,KOSDAQ
045660,정보기기,KOSDAQ
043580,반도체,KOSDAQ
052510,기타서비스,KOSDAQ
038870,전기·가스·수도,KOSDAQ
086520,화학,KOSDAQ
038110,운송장비·부품,KOSDAQ
047370,통신장비,KOSDAQ
073540,통신장비,KOSDAQ
036810,반도체,KOSDAQ
068630,IT부품,KOSDAQ
054940,IT부품,KOSDAQ
074140,컴퓨터서비스,KOSDAQ
081500,컴퓨터서비스,KOSDAQ
048460,IT부품,KOSDAQ
032980,컴퓨터서비스,KOSDAQ
032030,금속,KOSDAQ
054170,컴퓨터서비스,KOSDAQ
065170,유통,KOSDAQ
036920,유통,KOSDAQ
019260,섬유·의류,KOSDAQ
068420,일반전기전자,KOSDAQ
069410,소프트웨어,KOSDAQ
068150,반도체,KOSDAQ
048830,화학,KOSDAQ
046720,IT부품,KOSDAQ
096870,반도체,KOSDAQ
046240,인터넷,KOSDAQ
066970,IT부품,KOSDAQ
061140,통신장비,KOSDAQ
073110,IT부품,KOSDAQ
083310,반도체,KOSDAQ
058630,디지털컨텐츠,KOSDAQ
056200,방송서비스,KOSDAQ
019590,금융,KOSDAQ
024840,IT부품,KOSDAQ
065420,섬유·의류,KOSDAQ
009780,음식료·담배,KOSDAQ
080440,반도체,KOSDAQ
048640,화학,KOSDAQ
033160,반도체,KOSDAQ
074000,반도체,KOSDAQ
050540,기타서비스,KOSDAQ
090740,IT부품,KOSDAQ
002680,음식료·담배,KOSDAQ
007530,금속,KOSDAQ
051390,통신장비,KOSDAQ
036180,통신장비,KOSDAQ
036560,기계·장비,KOSDAQ
049000,오락·문화,KOSDAQ
052770,디지털컨텐츠,KOSDAQ
053280,인터넷,KOSDAQ
047770,유통,KOSDAQ
067850,오락·문화,KOSDAQ
045060,화학,KOSDAQ
046110,인터넷,KOSDAQ
041320,유통,KOSDAQ
080520,반도체,KOSDAQ
039830,기타서비스,KOSDAQ
014940,운송장비·부품,KOSDAQ
010470,기타서비스,KOSDAQ
052420,기계·장비,KOSDAQ
039200,제약,KOSDAQ
031510,운송장비·부품,KOSDAQ
048260,의료·정밀기기,KOSDAQ
067170,운송장비·부품,KOSDAQ
053470,통신장비,KOSDAQ
049480,컴퓨터서비스,KOSDAQ
036280,인터넷,KOSDAQ
036630,통신서비스,KOSDAQ
052970,오락·문화,KOSDAQ
057540,의료·정밀기기,KOSDAQ
057680,디지털컨텐츠,KOSDAQ
010170,통신장비,KOSDAQ
067900,기타서비스,KOSDAQ
019210,금속,KOSDAQ
079000,화학,KOSDAQ
089230,금속,KOSDAQ
025920,금속,KOSDAQ
032820,일반전기전자,KOSDAQ
041190,금융,KOSDAQ
016670,유통,KOSDAQ
072470,운송장비·부품,KOSDAQ
082850,IT부품,KOSDAQ
037400,일반전기전자,KOSDAQ
011080,섬유·의류,KOSDAQ
066590,운송장비·부품,KOSDAQ
060550,섬유·의류,KOSDAQ
065680,IT부품,KOSDAQ
018620,제약,KOSDAQ
004320,건설,KOSDAQ
004325,건설,KOSDAQ
032940,유통,KOSDAQ
074600,비금속,KOSDAQ
012620,금속,KOSDAQ
008370,화학,KOSDAQ
008290,섬유·의류,KOSDAQ
101160,반도체,KOSDAQ
036000,통신장비,KOSDAQ
095270,IT부품,KOSDAQ
065950,섬유·의류,KOSDAQ
069080,디지털컨텐츠,KOSDAQ
030350,통신장비,KOSDAQ
044340,기계·장비,KOSDAQ
056810,통신장비,KOSDAQ
069920,유통,KOSDAQ
038620,컴퓨터서비스,KOSDAQ
036090,의료·정밀기기,KOSDAQ
052290,소프트웨어,KOSDAQ
083640,통신장비,KOSDAQ
044480,화학,KOSDAQ
036200,반도체,KOSDAQ
018000,금속,KOSDAQ
034010,정보기기,KOSDAQ
011320,운송장비·부품,KOSDAQ
086390,반도체,KOSDAQ
039040,유통,KOSDAQ
061050,일반전기전자,KOSDAQ
048430,일반전기전자,KOSDAQ
043220,정보기기,KOSDAQ
032620,소프트웨어,KOSDAQ
054010,IT부품,KOSDAQ
053810,기계·장비,KOSDAQ
024800,운송,KOSDAQ
054930,기타서비스,KOSDAQ
069330,IT부품,KOSDAQ
050050,컴퓨터서비스,KOSDAQ
049520,IT부품,KOSDAQ
036500,반도체,KOSDAQ
023410,비금속,KOSDAQ
052810,소프트웨어,KOSDAQ
056080,유통,KOSDAQ
084370,반도체,KOSDAQ
045880,통신장비,KOSDAQ
044960,제약,KOSDAQ
039020,금속,KOSDAQ
066430,디지털컨텐츠,KOSDAQ
042340,유통,KOSDAQ
028300,기타서비스,KOSDAQ
028305,기타서비스,KOSDAQ
070080,운송장비·부품,KOSDAQ
066200,유통,KOSDAQ
056850,정보기기,KOSDAQ
031390,유통,KOSDAQ
073490,통신장비,KOSDAQ
080420,IT부품,KOSDAQ
088390,IT부품,KOSDAQ
035600,소프트웨어,KOSDAQ
053350,소프트웨어,KOSDAQ
033110,의료·정밀기기,KOSDAQ
041520,IT부품,KOSDAQ
054210,IT부품,KOSDAQ
045400,IT부품,KOSDAQ
041030,기타서비스,KOSDAQ
065440,소프트웨어,KOSDAQ
050640,컴퓨터서비스,KOSDAQ
080010,인터넷,KOSDAQ
047560,디지털컨텐츠,KOSDAQ
067010,정보기기,KOSDAQ
065160,기타서비스,KOSDAQ
047450,IT부품,KOSDAQ
094190,IT부품,KOSDAQ
095190,기계·장비,KOSDAQ
091120,IT부품,KOSDAQ
039030,반도체,KOSDAQ
033600,운송장비·부품,KOSDAQ
035810,음식료·담배,KOSDAQ
038720,IT부품,KOSDAQ
058530,기계·장비,KOSDAQ
092130,기타서비스,KOSDAQ
016250,건설,KOSDAQ
078020,금융,KOSDAQ
001840,건설,KOSDAQ
024810,IT부품,KOSDAQ
041450,컴퓨터서비스,KOSDAQ
060150,기타서비스,KOSDAQ
033230,컴퓨터서비스,KOSDAQ
073130,소프트웨어,KOSDAQ
041630,소프트웨어,KOSDAQ
037330,IT부품,KOSDAQ
060300,기타서비스,KOSDAQ
049070,IT부품,KOSDAQ
017250,일반전기전자,KOSDAQ
035080,기타서비스,KOSDAQ
051370,IT부품,KOSDAQ
039290,소프트웨어,KOSDAQ
036220,제약,KOSDAQ
041020,소프트웨어,KOSDAQ
045470,의료·정밀기기,KOSDAQ
068330,기계·장비,KOSDAQ
058450,IT부품,KOSDAQ
019540,운송장비·부품,KOSDAQ
094820,기계·장비,KOSDAQ
049550,화학,KOSDAQ
036790,통신장비,KOSDAQ
043910,금속,KOSDAQ
043630,의료·정밀기기,KOSDAQ
046840,기타서비스,KOSDAQ
053980,컴퓨터서비스,KOSDAQ
052650,통신장비,KOSDAQ
090120,IT부품,KOSDAQ
049630,IT부품,KOSDAQ
065530,통신서비스,KOSDAQ
040420,기타서비스,KOSDAQ
045510,컴퓨터서비스,KOSDAQ
045290,유통,KOSDAQ
073930,소프트웨어,KOSDAQ
052640,컴퓨터서비스,KOSDAQ
034660,의료·정밀기기,KOSDAQ
033100,금속,KOSDAQ
079370,기계·장비,KOSDAQ
054950,기계·장비,KOSDAQ
033320,유통,KOSDAQ
033050,출판·매체복제,KOSDAQ
094970,IT부품,KOSDAQ
060750,통신장비,KOSDAQ
035900,기타서비스,KOSDAQ
089790,반도체,KOSDAQ
052670,제약,KOSDAQ
023440,금속,KOSDAQ
026540,금융,KOSDAQ
038010,금속,KOSDAQ
083660,화학,KOSDAQ
090470,반도체,KOSDAQ
044060,기계·장비,KOSDAQ
034940,제약,KOSDAQ
033340,섬유·의류,KOSDAQ
036930,반도체,KOSDAQ
030030,기타서비스,KOSDAQ
015170,제약,KOSDAQ
072020,제약,KOSDAQ
000440,유통,KOSDAQ
051160,소프트웨어,KOSDAQ
065060,섬유·의류,KOSDAQ
065410,기계·장비,KOSDAQ
018290,일반전기전자,KOSDAQ
033030,일반전기전자,KOSDAQ
038920,컴퓨터서비스,KOSDAQ
058370,반도체,KOSDAQ
018120,음식료·담배,KOSDAQ
086060,음식료·담배,KOSDAQ
036890,기계·장비,KOSDAQ
007370,제약,KOSDAQ
094850,유통,KOSDAQ
082660,IT부품,KOSDAQ
074150,소프트웨어,KOSDAQ
096240,기타서비스,KOSDAQ
013720,운송장비·부품,KOSDAQ
047820,오락·문화,KOSDAQ
032570,통신장비,KOSDAQ
016920,기계·장비,KOSDAQ
082270,기계·장비,KOSDAQ
015390,화학,KOSDAQ
078340,디지털컨텐츠,KOSDAQ
062730,기계·장비,KOSDAQ
063440,출판·매체복제,KOSDAQ
073780,"농업, 임업 및 어업",KOSDAQ
029480,통신장비,KOSDAQ
052400,소프트웨어,KOSDAQ
025880,음식료·담배,KOSDAQ
035950,금속,KOSDAQ
053590,유통,KOSDAQ
053595,유통,KOSDAQ
066340,통신장비,KOSDAQ
073010,기계·장비,KOSDAQ
083550,화학,KOSDAQ
032500,통신장비,KOSDAQ
038830,통신장비,KOSDAQ
077960,기계·장비,KOSDAQ
064820,운송장비·부품,KOSDAQ
024880,금속,KOSDAQ
042040,화학,KOSDAQ
054410,금속,KOSDAQ
089010,IT부품,KOSDAQ
094860,컴퓨터서비스,KOSDAQ
054620,반도체,KOSDAQ
046070,운송장비·부품,KOSDAQ
068760,컴퓨터서비스,KOSDAQ
041800,통신장비,KOSDAQ
046210,금속,KOSDAQ
008340,금속,KOSDAQ
027050,화학,KOSDAQ
101670,금속,KOSDAQ
036690,통신장비,KOSDAQ
049430,의료·정밀기기,KOSDAQ
059090,반도체,KOSDAQ
041960,제약,KOSDAQ
053170,컴퓨터서비스,KOSDAQ
017160,음식료·담배,KOSDAQ
048870,반도체,KOSDAQ
052350,컴퓨터서비스,KOSDAQ
039990,컴퓨터서비스,KOSDAQ
038530,통신장비,KOSDAQ
052210,통신장비,KOSDAQ
029960,기타서비스,KOSDAQ
022520,컴퓨터서비스,KOSDAQ
056000,정보기기,KOSDAQ
900020,기타서비스,KOSDAQ
056360,통신장비,KOSDAQ
039530,음식료·담배,KOSDAQ
015710,통신장비,KOSDAQ
052330,정보기기,KOSDAQ
050110,IT부품,KOSDAQ
056020,의료·정밀기기,KOSDAQ
060280,출판·매체복제,KOSDAQ
040350,컴퓨터서비스,KOSDAQ
051780,반도체,KOSDAQ
045050,정보기기,KOSDAQ
035210,방송서비스,KOSDAQ
052880,기타서비스,KOSDAQ
066310,반도체,KOSDAQ
016600,금융,KOSDAQ
067280,디지털컨텐츠,KOSDAQ
067290,금속,KOSDAQ
043590,IT부품,KOSDAQ
083790,기타서비스,KOSDAQ
045520,종이·목재,KOSDAQ
037550,정보기기,KOSDAQ
067130,오락·문화,KOSDAQ
039490,금융,KOSDAQ
054780,기타서비스,KOSDAQ
065130,기계·장비,KOSDAQ
023160,금속,KOSDAQ
048140,일반전기전자,KOSDAQ
036210,IT부품,KOSDAQ
072520,IT부품,KOSDAQ
053620,금속,KOSDAQ
044490,금속,KOSDAQ
032420,통신장비,KOSDAQ
053320,유통,KOSDAQ
095610,반도체,KOSDAQ
048510,반도체,KOSDAQ
076090,기계·장비,KOSDAQ
036830,화학,KOSDAQ
038540,IT부품,KOSDAQ
036840,섬유·의류,KOSDAQ
054450,반도체,KOSDAQ
091440,통신장비,KOSDAQ
056730,통신장비,KOSDAQ
051360,정보기기,KOSDAQ
037700,유통,KOSDAQ
045340,소프트웨어,KOSDAQ
057880,통신장비,KOSDAQ
038410,유통,KOSDAQ
053070,정보기기,KOSDAQ
026150,건설,KOSDAQ
037340,통신장비,KOSDAQ
064760,반도체,KOSDAQ
066350,기계·장비,KOSDAQ
035620,오락·문화,KOSDAQ
062860,반도체,KOSDAQ
067950,기계·장비,KOSDAQ
060900,유통,KOSDAQ
084730,통신장비,KOSDAQ
034230,오락·문화,KOSDAQ
033540,기계·장비,KOSDAQ
039850,유통,KOSDAQ
043200,기계·장비,KOSDAQ
037070,일반전기전자,KOSDAQ
047310,IT부품,KOSDAQ
039230,반도체,KOSDAQ
049120,IT부품,KOSDAQ
038950,통신장비,KOSDAQ
028040,정보기기,KOSDAQ
091700,IT부품,KOSDAQ
035500,오락·문화,KOSDAQ
043090,유통,KOSDAQ
068050,오락·문화,KOSDAQ
025460,기타서비스,KOSDAQ
088020,반도체,KOSDAQ
089480,금속,KOSDAQ
043370,운송장비·부품,KOSDAQ
048270,출판·매체복제,KOSDAQ
022100,컴퓨터서비스,KOSDAQ
003670,비금속,KOSDAQ
038810,출판·매체복제,KOSDAQ
078860,소프트웨어,KOSDAQ
049690,기타서비스,KOSDAQ
065610,화학,KOSDAQ
033190,화학,KOSDAQ
005670,음식료·담배,KOSDAQ
094940,정보기기,KOSDAQ
007330,금융,KOSDAQ
093380,금속,KOSDAQ
065940,화학,KOSDAQ
023900,음식료·담배,KOSDAQ
024850,반도체,KOSDAQ
058690,컴퓨터서비스,KOSDAQ
035200,화학,KOSDAQ
053610,반도체,KOSDAQ
073570,반도체,KOSDAQ
053700,정보기기,KOSDAQ
053160,일반전기전자,KOSDAQ
066410,디지털컨텐츠,KOSDAQ
075130,컴퓨터서비스,KOSDAQ
036660,오락·문화,KOSDAQ
032580,반도체,KOSDAQ
051380,유통,KOSDAQ
054340,IT부품,KOSDAQ
031980,반도체,KOSDAQ
002230,운송장비·부품,KOSDAQ
082390,IT부품,KOSDAQ
006140,의료·정밀기기,KOSDAQ
064800,소프트웨어,KOSDAQ
033290,IT부품,KOSDAQ
067310,반도체,KOSDAQ
039130,기타서비스,KOSDAQ
024660,음식료·담배,KOSDAQ
079340,IT부품,KOSDAQ
013030,금속,KOSDAQ
057100,소프트웨어,KOSDAQ
066980,IT부품,KOSDAQ
066130,일반전기전자,KOSDAQ
044780,기계·장비,KOSDAQ
004590,기타제조,KOSDAQ
039340,방송서비스,KOSDAQ
019550,금융,KOSDAQ
034950,기타서비스,KOSDAQ
024120,운송장비·부품,KOSDAQ
060250,소프트웨어,KOSDAQ
025550,금속,KOSDAQ
017890,화학,KOSDAQ
017010,의료·정밀기기,KOSDAQ
063570,통신서비스,KOSDAQ
039740,유통,KOSDAQ
025770,통신서비스,KOSDAQ
021880,금융,KOSDAQ
023760,금융,KOSDAQ
089150,정보기기,KOSDAQ
021650,화학,KOSDAQ
034830,금융,KOSDAQ
054040,IT부품,KOSDAQ
037230,종이·목재,KOSDAQ
040180,컴퓨터서비스,KOSDAQ
030520,소프트웨어,KOSDAQ
052600,통신서비스,KOSDAQ
052270,통신장비,KOSDAQ
092460,운송장비·부품,KOSDAQ
021060,금융,KOSDAQ
021080,금융,KOSDAQ
043890,방송서비스,KOSDAQ
047080,디지털컨텐츠,KOSDAQ
044070,제약,KOSDAQ
037950,IT부품,KOSDAQ
070590,컴퓨터서비스,KOSDAQ
030190,기타서비스,KOSDAQ
078350,반도체,KOSDAQ
045100,건설,KOSDAQ
037020,인터넷,KOSDAQ
024740,운송장비·부품,KOSDAQ
005860,음식료·담배,KOSDAQ
007770,화학,KOSDAQ
061460,화학,KOSDAQ
079170,금속,KOSDAQ
076080,기계·장비,KOSDAQ
060230,오락·문화,KOSDAQ
082210,IT부품,KOSDAQ
034810,기타서비스,KOSDAQ
058480,금속,KOSDAQ
032380,소프트웨어,KOSDAQ
008800,비금속,KOSDAQ
054300,기계·장비,KOSDAQ
036270,컴퓨터서비스,KOSDAQ
039350,제약,KOSDAQ
035480,통신장비,KOSDAQ
048410,정보기기,KOSDAQ
026180,컴퓨터서비스,KOSDAQ
039010,통신장비,KOSDAQ
092300,IT부품,KOSDAQ
053660,금속,KOSDAQ
013450,화학,KOSDAQ
060560,유통,KOSDAQ
064240,통신장비,KOSDAQ
039610,기계·장비,KOSDAQ
086250,기계·장비,KOSDAQ
045890,기계·장비,KOSDAQ
033500,화학,KOSDAQ
061250,제약,KOSDAQ
032560,금속,KOSDAQ
097870,화학,KOSDAQ
014190,유통,KOSDAQ
050090,IT부품,KOSDAQ
046940,소프트웨어,KOSDAQ
028080,통신장비,KOSDAQ
066060,기타서비스,KOSDAQ
064090,통신장비,KOSDAQ
065510,의료·정밀기기,KOSDAQ
084110,제약,KOSDAQ
024060,유통,KOSDAQ
037440,기타서비스,KOSDAQ
019640,건설,KOSDAQ
900070,기타서비스,KOSDAQ
099520,통신장비,KOSDAQ
114450,제약,KOSDAQ
114190,금속,KOSDAQ
063080,디지털컨텐츠,KOSDAQ
104200,디지털컨텐츠,KOSDAQ
101400,반도체,KOSDAQ
099440,통신장비,KOSDAQ
104040,금속,KOSDAQ
100130,금속,KOSDAQ
099410,운송장비·부품,KOSDAQ
104460,기계·장비,KOSDAQ
109860,금속,KOSDAQ
109740,기계·장비,KOSDAQ
101000,운송장비·부품,KOSDAQ
108860,소프트웨어,KOSDAQ
086900,제약,KOSDAQ
096640,IT부품,KOSDAQ
110310,IT부품,KOSDAQ
100120,의료·정밀기기,KOSDAQ
082920,IT부품,KOSDAQ
099220,유통,KOSDAQ
087220,금속,KOSDAQ
099660,금속,KOSDAQ
052860,반도체,KOSDAQ
102120,반도체,KOSDAQ
103230,기계·장비,KOSDAQ
101490,반도체,KOSDAQ
098660,섬유·의류,KOSDAQ
071670,기계·장비,KOSDAQ
095300,기계·장비,KOSDAQ
101170,기계·장비,KOSDAQ
112040,디지털컨텐츠,KOSDAQ
078070,통신장비,KOSDAQ
109960,통신장비,KOSDAQ
086890,제약,KOSDAQ
102710,화학,KOSDAQ
088290,운송장비·부품,KOSDAQ
095700,기타서비스,KOSDAQ
101730,디지털컨텐츠,KOSDAQ
900060,기타서비스,KOSDAQ
900080,기타서비스,KOSDAQ
109820,기타서비스,KOSDAQ
900040,기타서비스,KOSDAQ
105330,IT부품,KOSDAQ
102940,제약,KOSDAQ
108230,기계·장비,KOSDAQ
081150,금속,KOSDAQ
106240,IT부품,KOSDAQ
101680,기계·장비,KOSDAQ
042520,제약,KOSDAQ
102210,운송장비·부품,KOSDAQ
115160,통신장비,KOSDAQ
010240,기계·장비,KOSDAQ
126640,금융,KOSDAQ
126680,금융,KOSDAQ
123410,금융,KOSDAQ
069140,금속,KOSDAQ
900100,유통,KOSDAQ
068240,IT부품,KOSDAQ
033830,방송서비스,KOSDAQ
123550,금융,KOSDAQ
120240,화학,KOSDAQ
128910,금융,KOSDAQ
115450,소프트웨어,KOSDAQ
105740,기계·장비,KOSDAQ
100030,소프트웨어,KOSDAQ
101330,IT부품,KOSDAQ
121950,금융,KOSDAQ
123300,금융,KOSDAQ
111870,일반전기전자,KOSDAQ
900150,기타서비스,KOSDAQ
096690,정보기기,KOSDAQ
070300,소프트웨어,KOSDAQ
115570,화학,KOSDAQ
111610,건설,KOSDAQ
033170,반도체,KOSDAQ
123750,금융,KOSDAQ
122690,금융,KOSDAQ
108320,반도체,KOSDAQ
096530,제약,KOSDAQ
123860,반도체,KOSDAQ
050860,기계·장비,KOSDAQ
068940,정보기기,KOSDAQ
119830,반도체,KOSDAQ
117670,반도체,KOSDAQ
131400,IT부품,KOSDAQ
121890,정보기기,KOSDAQ
123910,금융,KOSDAQ
114570,반도체,KOSDAQ
105070,금속,KOSDAQ
123040,운송장비·부품,KOSDAQ
130960,기타서비스,KOSDAQ
122990,반도체,KOSDAQ
114630,화학,KOSDAQ
115440,통신장비,KOSDAQ
900130,기타서비스,KOSDAQ
089850,소프트웨어,KOSDAQ
067920,소프트웨어,KOSDAQ
115610,반도체,KOSDAQ
900110,기타서비스,KOSDAQ
126700,금융,KOSDAQ
119610,의료·정밀기기,KOSDAQ
115310,통신서비스,KOSDAQ
071200,소프트웨어,KOSDAQ
101930,운송장비·부품,KOSDAQ
900120,기타서비스,KOSDAQ
900090,기타서비스,KOSDAQ
111820,인터넷,KOSDAQ
115500,컴퓨터서비스,KOSDAQ
046120,기타서비스,KOSDAQ
058400,방송서비스,KOSDAQ
122800,금속,KOSDAQ
080530,기계·장비,KOSDAQ
078650,의료·정밀기기,KOSDAQ
126600,화학,KOSDAQ
114120,IT부품,KOSDAQ
123840,금융,KOSDAQ
079970,소프트웨어,KOSDAQ
119500,금속,KOSDAQ
128660,금속,KOSDAQ
123420,금융,KOSDAQ
106080,IT부품,KOSDAQ
131030,금융,KOSDAQ
106190,제약,KOSDAQ
123290,금융,KOSDAQ
041460,소프트웨어,KOSDAQ
124050,금융,KOSDAQ
122350,금융,KOSDAQ
123160,금융,KOSDAQ
122450,방송서비스,KOSDAQ
139050,컴퓨터서비스,KOSDAQ
121440,소프트웨어,KOSDAQ
121600,화학,KOSDAQ
138610,제약,KOSDAQ
130580,기타서비스,KOSDAQ
139670,소프트웨어,KOSDAQ
137940,의료·정밀기기,KOSDAQ
119860,인터넷,KOSDAQ
108380,운송장비·부품,KOSDAQ
131220,유통,KOSDAQ
127120,기타서비스,KOSDAQ
131180,정보기기,KOSDAQ
090360,기계·장비,KOSDAQ
131100,IT부품,KOSDAQ
008470,금속,KOSDAQ
033560,IT부품,KOSDAQ
123260,반도체,KOSDAQ
089980,화학,KOSDAQ
100660,기계·장비,KOSDAQ
131090,소프트웨어,KOSDAQ
138070,금속,KOSDAQ
007820,기계·장비,KOSDAQ
136510,기계·장비,KOSDAQ
110500,기계·장비,KOSDAQ
099830,컴퓨터서비스,KOSDAQ
115530,IT부품,KOSDAQ
115480,의료·정밀기기,KOSDAQ
101240,화학,KOSDAQ
143160,통신장비,KOSDAQ
040910,반도체,KOSDAQ
089530,반도체,KOSDAQ
112240,화학,KOSDAQ
061970,반도체,KOSDAQ
138690,반도체,KOSDAQ
109080,통신장비,KOSDAQ
122870,오락·문화,KOSDAQ
900180,기타서비스,KOSDAQ
104830,반도체,KOSDAQ
136540,소프트웨어,KOSDAQ
123570,기타서비스,KOSDAQ
134060,출판·매체복제,KOSDAQ
064290,반도체,KOSDAQ
048530,제약,KOSDAQ
123330,화학,KOSDAQ
137950,화학,KOSDAQ
126880,기계·장비,KOSDAQ
043290,의료·정밀기기,KOSDAQ
131370,금융,KOSDAQ
093320,인터넷,KOSDAQ
019770,기계·장비,KOSDAQ
123100,반도체,KOSDAQ
089030,반도체,KOSDAQ
121800,통신장비,KOSDAQ
131290,반도체,KOSDAQ
104480,화학,KOSDAQ
130740,운송장비·부품,KOSDAQ
131390,일반전기전자,KOSDAQ
136480,음식료·담배,KOSDAQ
134780,운송장비·부품,KOSDAQ
159910,반도체,KOSDAQ
950110,출판·매체복제,KOSDAQ
151910,IT부품,KOSDAQ
091590,건설,KOSDAQ
153460,소프트웨어,KOSDAQ
126870,기계·장비,KOSDAQ
140410,기타서비스,KOSDAQ
113810,운송장비·부품,KOSDAQ
106520,의료·정밀기기,KOSDAQ
141070,기계·장비,KOSDAQ
149940,통신장비,KOSDAQ
141000,반도체,KOSDAQ
072950,반도체,KOSDAQ
143240,인터넷,KOSDAQ
149950,IT부품,KOSDAQ
097520,IT부품,KOSDAQ
155650,IT부품,KOSDAQ
046970,통신장비,KOSDAQ
101970,금속,KOSDAQ
147830,금속,KOSDAQ
121850,IT부품,KOSDAQ
137400,기계·장비,KOSDAQ
151860,전기·가스·수도,KOSDAQ
130500,섬유·의류,KOSDAQ
049080,IT부품,KOSDAQ
089600,기타서비스,KOSDAQ
168330,기타서비스,KOSDAQ
134580,통신장비,KOSDAQ
171120,화학,KOSDAQ
171010,반도체,KOSDAQ
141080,제약,KOSDAQ
161570,정보기기,KOSDAQ
158380,운송장비·부품,KOSDAQ
158310,기계·장비,KOSDAQ
154040,IT부품,KOSDAQ
092040,음식료·담배,KOSDAQ
099190,의료·정밀기기,KOSDAQ
114810,IT부품,KOSDAQ
085810,소프트웨어,KOSDAQ
138360,화학,KOSDAQ
950130,제약,KOSDAQ
067570,운송장비·부품,KOSDAQ
170920,반도체,KOSDAQ
182360,금융,KOSDAQ
153490,반도체,KOSDAQ
097800,반도체,KOSDAQ
090850,기타서비스,KOSDAQ
150840,의료·정밀기기,KOSDAQ
159580,유통,KOSDAQ
155960,IT부품,KOSDAQ
119850,일반전기전자,KOSDAQ
104540,의료·정밀기기,KOSDAQ
184230,금융,KOSDAQ
131970,반도체,KOSDAQ
150900,소프트웨어,KOSDAQ
170790,통신장비,KOSDAQ
141020,통신장비,KOSDAQ
076610,IT부품,KOSDAQ
170030,운송장비·부품,KOSDAQ
204840,금융,KOSDAQ
160550,오락·문화,KOSDAQ
178920,화학,KOSDAQ
192410,통신장비,KOSDAQ
208710,금융,KOSDAQ
205100,금융,KOSDAQ
060480,금속,KOSDAQ
142280,제약,KOSDAQ
204440,금융,KOSDAQ
140520,금속,KOSDAQ
090410,금속,KOSDAQ
194480,디지털컨텐츠,KOSDAQ
207760,금융,KOSDAQ
196490,기계·장비,KOSDAQ
187220,기타서비스,KOSDAQ
084650,기타서비스,KOSDAQ
041920,의료·정밀기기,KOSDAQ
200130,금융,KOSDAQ
200780,제약,KOSDAQ
189860,일반전기전자,KOSDAQ
192440,IT부품,KOSDAQ
203650,금융,KOSDAQ
187270,IT부품,KOSDAQ
067390,운송장비·부품,KOSDAQ
124500,컴퓨터서비스,KOSDAQ
059120,반도체,KOSDAQ
196170,기타서비스,KOSDAQ
200710,반도체,KOSDAQ
173940,오락·문화,KOSDAQ
206640,금융,KOSDAQ
208140,금융,KOSDAQ
193250,IT부품,KOSDAQ
143540,반도체,KOSDAQ
138080,통신장비,KOSDAQ
080580,반도체,KOSDAQ
207720,금융,KOSDAQ
198440,금융,KOSDAQ
192390,금속,KOSDAQ
204620,금융,KOSDAQ
187790,금융,KOSDAQ
108790,유통,KOSDAQ
196450,의료·정밀기기,KOSDAQ
004650,음식료·담배,KOSDAQ
071850,운송장비·부품,KOSDAQ
203690,금융,KOSDAQ
205500,금융,KOSDAQ
208350,금융,KOSDAQ
208640,금융,KOSDAQ
192250,소프트웨어,KOSDAQ
204650,금융,KOSDAQ
191420,제약,KOSDAQ
182690,반도체,KOSDAQ
200230,통신장비,KOSDAQ
105550,운송장비·부품,KOSDAQ
177830,일반전기전자,KOSDAQ
194510,디지털컨텐츠,KOSDAQ
208370,금융,KOSDAQ
208870,금융,KOSDAQ
194610,금융,KOSDAQ
149980,의료·정밀기기,KOSDAQ
200470,반도체,KOSDAQ
205470,금융,KOSDAQ
206400,금융,KOSDAQ
053300,소프트웨어,KOSDAQ
204630,금융,KOSDAQ
204760,금융,KOSDAQ
200670,제약,KOSDAQ
225430,금융,KOSDAQ
207930,금융,KOSDAQ
219550,금융,KOSDAQ
217730,기타서비스,KOSDAQ
206660,금융,KOSDAQ
219580,금융,KOSDAQ
227950,금융,KOSDAQ
215000,소프트웨어,KOSDAQ
222810,금융,KOSDAQ
223040,금융,KOSDAQ
190510,IT부품,KOSDAQ
212560,운송장비·부품,KOSDAQ
222040,음식료·담배,KOSDAQ
217270,금융,KOSDAQ
232140,금융,KOSDAQ
215480,금융,KOSDAQ
215580,금융,KOSDAQ
192080,디지털컨텐츠,KOSDAQ
213420,반도체,KOSDAQ
206560,오락·문화,KOSDAQ
226440,금융,KOSDAQ
230490,금융,KOSDAQ
094170,반도체,KOSDAQ
067730,컴퓨터서비스,KOSDAQ
197210,반도체,KOSDAQ
127160,반도체,KOSDAQ
215200,기타서비스,KOSDAQ
133750,기타서비스,KOSDAQ
058110,의료·정밀기기,KOSDAQ
215750,금융,KOSDAQ
222420,금융,KOSDAQ
213090,소프트웨어,KOSDAQ
214180,소프트웨어,KOSDAQ
177350,반도체,KOSDAQ
225530,광업,KOSDAQ
214310,반도체,KOSDAQ
225590,금융,KOSDAQ
222800,반도체,KOSDAQ
160980,반도체,KOSDAQ
047920,기타서비스,KOSDAQ
127710,디지털컨텐츠,KOSDAQ
214430,일반전기전자,KOSDAQ
185490,기타서비스,KOSDAQ
013310,운송장비·부품,KOSDAQ
160600,기계·장비,KOSDAQ
109610,금속,KOSDAQ
226340,금융,KOSDAQ
224110,정보기기,KOSDAQ
182400,제약,KOSDAQ
214870,통신장비,KOSDAQ
092870,반도체,KOSDAQ
217820,기계·장비,KOSDAQ
215790,금융,KOSDAQ
217810,금융,KOSDAQ
218410,금융,KOSDAQ
225570,금융,KOSDAQ
220260,금융,KOSDAQ
180400,의료·정밀기기,KOSDAQ
115960,화학,KOSDAQ
122640,반도체,KOSDAQ
215360,운송장비·부품,KOSDAQ
196700,화학,KOSDAQ
219960,금융,KOSDAQ
056090,의료·정밀기기,KOSDAQ
195990,기계·장비,KOSDAQ
221200,금융,KOSDAQ
215090,금융,KOSDAQ
178780,IT부품,KOSDAQ
191410,IT부품,KOSDAQ
217600,금융,KOSDAQ
225440,금융,KOSDAQ
223310,소프트웨어,KOSDAQ
175140,통신장비,KOSDAQ
217190,반도체,KOSDAQ
187420,제약,KOSDAQ
094360,소프트웨어,KOSDAQ
214370,제약,KOSDAQ
221980,화학,KOSDAQ
214270,금융,KOSDAQ
222390,금융,KOSDAQ
214150,금융,KOSDAQ
220630,금융,KOSDAQ
224060,반도체,KOSDAQ
166480,제약,KOSDAQ
225650,일반전기전자,KOSDAQ
218710,금융,KOSDAQ
226850,금융,KOSDAQ
219130,반도체,KOSDAQ
214450,유통,KOSDAQ
131760,IT부품,KOSDAQ
140860,의료·정밀기기,KOSDAQ
087010,제약,KOSDAQ
189690,소프트웨어,KOSDAQ
087600,반도체,KOSDAQ
230240,금융,KOSDAQ
215100,금융,KOSDAQ
218150,금융,KOSDAQ
217500,금융,KOSDAQ
221840,운송장비·부품,KOSDAQ
222080,금융,KOSDAQ
222980,음식료·담배,KOSDAQ
217620,금융,KOSDAQ
215380,금융,KOSDAQ
214680,금융,KOSDAQ
219860,금융,KOSDAQ
221950,금융,KOSDAQ
226360,금융,KOSDAQ
145020,제약,KOSDAQ
189980,음식료·담배,KOSDAQ
060310,반도체,KOSDAQ
054620,반도체,KOSDAQ
211270,통신장비,KOSDAQ
032040,기타서비스,KOSDAQ
130960,방송서비스,KOSDAQ
035760,방송서비스,KOSDAQ
051500,유통,KOSDAQ
058820,제약,KOSDAQ
023460,금융,KOSDAQ
065770,통신장비,KOSDAQ
083660,화학,KOSDAQ
068790,기계·장비,KOSDAQ
241520,금융,KOSDAQ
037370,유통,KOSDAQ
079190,통신장비,KOSDAQ
130500,섬유·의류,KOSDAQ
032860,기타서비스,KOSDAQ
900290,기타서비스,KOSDAQ
083450,반도체,KOSDAQ
028150,방송서비스,KOSDAQ
078150,기계·장비,KOSDAQ
036640,화학,KOSDAQ
225430,금융,KOSDAQ
254120,금융,KOSDAQ
252500,금융,KOSDAQ
095340,반도체,KOSDAQ
099520,통신장비,KOSDAQ
067290,제약,KOSDAQ
035900,오락·문화,KOSDAQ
024120,운송장비·부품,KOSDAQ
021320,건설,KOSDAQ
036670,화학,KOSDAQ
044180,건설,KOSDAQ
151860,전기·가스·수도,KOSDAQ
046440,소프트웨어,KOSDAQ
035600,소프트웨어,KOSDAQ
060720,IT부품,KOSDAQ
083470,IT부품,KOSDAQ
122450,방송서비스,KOSDAQ
052900,반도체,KOSDAQ
058400,방송서비스,KOSDAQ
114450,제약,KOSDAQ
036030,인터넷,KOSDAQ
043610,디지털컨텐츠,KOSDAQ
060370,건설,KOSDAQ
159910,반도체,KOSDAQ
086960,소프트웨어,KOSDAQ
065150,유통,KOSDAQ
160550,오락·문화,KOSDAQ
060250,소프트웨어,KOSDAQ
030190,기타서비스,KOSDAQ
024940,금속,KOSDAQ
091340,IT부품,KOSDAQ
950110,출판·매체복제,KOSDAQ
019550,금융,KOSDAQ
046140,오락·문화,KOSDAQ
036120,기타서비스,KOSDAQ
099220,유통,KOSDAQ
036540,반도체,KOSDAQ
040610,운송장비·부품,KOSDAQ
049470,소프트웨어,KOSDAQ
184230,소프트웨어,KOSDAQ
090730,금속,KOSDAQ
207930,금융,KOSDAQ
219550,금융,KOSDAQ
232330,금융,KOSDAQ
057500,반도체,KOSDAQ
178920,화학,KOSDAQ
036490,반도체,KOSDAQ
052260,화학,KOSDAQ
066270,인터넷,KOSDAQ
048550,오락·문화,KOSDAQ
089230,금속,KOSDAQ
032540,일반전기전자,KOSDAQ
048770,기계·장비,KOSDAQ
052300,운송,KOSDAQ
040300,방송서비스,KOSDAQ
051390,통신장비,KOSDAQ
052220,디지털컨텐츠,KOSDAQ
079940,인터넷,KOSDAQ
078890,통신장비,KOSDAQ
192410,통신장비,KOSDAQ
024840,금속,KOSDAQ
217730,기타서비스,KOSDAQ
094480,소프트웨어,KOSDAQ
063080,디지털컨텐츠,KOSDAQ
039240,금속,KOSDAQ
053950,제약,KOSDAQ
011040,제약,KOSDAQ
139050,컴퓨터서비스,KOSDAQ
024910,운송장비·부품,KOSDAQ
089890,반도체,KOSDAQ
049720,기타서비스,KOSDAQ
014570,제약,KOSDAQ
098460,기계·장비,KOSDAQ
206660,금융,KOSDAQ
219580,금융,KOSDAQ
227950,금융,KOSDAQ
900280,기타서비스,KOSDAQ
215000,소프트웨어,KOSDAQ
121440,소프트웨어,KOSDAQ
014200,운송장비·부품,KOSDAQ
026910,금속,KOSDAQ
090150,운송장비·부품,KOSDAQ
223040,금융,KOSDAQ
242040,금융,KOSDAQ
053270,운송장비·부품,KOSDAQ
066620,건설,KOSDAQ
043650,음식료·담배,KOSDAQ
006050,비금속,KOSDAQ
060480,금속,KOSDAQ
078130,종이·목재,KOSDAQ
019010,유통,KOSDAQ
900070,기타서비스,KOSDAQ
019660,금융,KOSDAQ
053260,금속,KOSDAQ
058370,유통,KOSDAQ
036190,건설,KOSDAQ
049080,IT부품,KOSDAQ
035460,통신장비,KOSDAQ
187790,화학,KOSDAQ
151910,IT부품,KOSDAQ
121600,화학,KOSDAQ
039860,의료·정밀기기,KOSDAQ
091970,화학,KOSDAQ
051490,기계·장비,KOSDAQ
190510,IT부품,KOSDAQ
089600,기타서비스,KOSDAQ
138610,제약,KOSDAQ
130580,기타서비스,KOSDAQ
036800,통신서비스,KOSDAQ
091590,건설,KOSDAQ
168330,기타서비스,KOSDAQ
072770,소프트웨어,KOSDAQ
212560,운송장비·부품,KOSDAQ
095660,디지털컨텐츠,KOSDAQ
042420,기타서비스,KOSDAQ
085910,운송장비·부품,KOSDAQ
092730,화학,KOSDAQ
101400,반도체,KOSDAQ
153460,소프트웨어,KOSDAQ
007390,음식료·담배,KOSDAQ
033640,반도체,KOSDAQ
087730,반도체,KOSDAQ
073070,운송장비·부품,KOSDAQ
089140,기계·장비,KOSDAQ
065170,유통,KOSDAQ
139670,소프트웨어,KOSDAQ
051980,통신장비,KOSDAQ
137940,의료·정밀기기,KOSDAQ
092600,반도체,KOSDAQ
041140,디지털컨텐츠,KOSDAQ
217270,출판·매체복제,KOSDAQ
144510,기타서비스,KOSDAQ
031390,제약,KOSDAQ
142280,제약,KOSDAQ
054050,"농업, 임업 및 어업",KOSDAQ
040160,소프트웨어,KOSDAQ
069140,금속,KOSDAQ
126870,기계·장비,KOSDAQ
060260,화학,KOSDAQ
012340,IT부품,KOSDAQ
222040,음식료·담배,KOSDAQ
144960,기계·장비,KOSDAQ
900100,유통,KOSDAQ
085670,IT부품,KOSDAQ
053290,출판·매체복제,KOSDAQ
222810,소프트웨어,KOSDAQ
119860,인터넷,KOSDAQ
064260,디지털컨텐츠,KOSDAQ
093640,반도체,KOSDAQ
039560,통신장비,KOSDAQ
032190,유통,KOSDAQ
068240,IT부품,KOSDAQ
020400,금속,KOSDAQ
008830,기계·장비,KOSDAQ
048470,금속,KOSDAQ
004780,금속,KOSDAQ
017650,종이·목재,KOSDAQ
007720,유통,KOSDAQ
078140,제약,KOSDAQ
036480,제약,KOSDAQ
025440,일반전기전자,KOSDAQ
027830,금융,KOSDAQ
104040,운송장비·부품,KOSDAQ
232140,금융,KOSDAQ
020180,컴퓨터서비스,KOSDAQ
045390,소프트웨어,KOSDAQ
108380,운송장비·부품,KOSDAQ
006580,종이·목재,KOSDAQ
215480,금융,KOSDAQ
204440,금융,KOSDAQ
215580,금융,KOSDAQ
048910,오락·문화,KOSDAQ
005710,운송장비·부품,KOSDAQ
071460,일반전기전자,KOSDAQ
120240,화학,KOSDAQ
003310,음식료·담배,KOSDAQ
078600,IT부품,KOSDAQ
065690,화학,KOSDAQ
096350,금속,KOSDAQ
140520,금속,KOSDAQ
131220,유통,KOSDAQ
010170,일반전기전자,KOSDAQ
054670,제약,KOSDAQ
023910,제약,KOSDAQ
021040,금속,KOSDAQ
021045,금속,KOSDAQ
067080,제약,KOSDAQ
192080,디지털컨텐츠,KOSDAQ
213420,반도체,KOSDAQ
077360,반도체,KOSDAQ
090410,금속,KOSDAQ
194480,디지털컨텐츠,KOSDAQ
017680,섬유·의류,KOSDAQ
206560,오락·문화,KOSDAQ
067990,유통,KOSDAQ
100130,금속,KOSDAQ
005160,금속,KOSDAQ
075970,비금속,KOSDAQ
086450,제약,KOSDAQ
099410,운송장비·부품,KOSDAQ
045890,일반전기전자,KOSDAQ
226440,금융,KOSDAQ
230490,금융,KOSDAQ
033500,화학,KOSDAQ
025950,건설,KOSDAQ
088130,기계·장비,KOSDAQ
041930,화학,KOSDAQ
038500,비금속,KOSDAQ
060380,금속,KOSDAQ
079960,IT부품,KOSDAQ
228340,비금속,KOSDAQ
104460,기계·장비,KOSDAQ
088910,음식료·담배,KOSDAQ
094170,반도체,KOSDAQ
013120,건설,KOSDAQ
109860,금속,KOSDAQ
032960,IT부품,KOSDAQ
023790,금속,KOSDAQ
005290,반도체,KOSDAQ
025900,종이·목재,KOSDAQ
078590,운송장비·부품,KOSDAQ
030350,디지털컨텐츠,KOSDAQ
073190,기타제조,KOSDAQ
066670,IT부품,KOSDAQ
214680,의료·정밀기기,KOSDAQ
109740,기계·장비,KOSDAQ
090710,기계·장비,KOSDAQ
131030,제약,KOSDAQ
196490,기계·장비,KOSDAQ
066900,IT부품,KOSDAQ
127120,기타서비스,KOSDAQ
092070,화학,KOSDAQ
101000,기계·장비,KOSDAQ
134580,통신장비,KOSDAQ
039840,의료·정밀기기,KOSDAQ
079810,기계·장비,KOSDAQ
113810,운송장비·부품,KOSDAQ
043360,정보기기,KOSDAQ
106520,의료·정밀기기,KOSDAQ
068930,기타서비스,KOSDAQ
033130,디지털컨텐츠,KOSDAQ
033310,금속,KOSDAQ
105740,기계·장비,KOSDAQ
187220,기타서비스,KOSDAQ
131180,정보기기,KOSDAQ
042510,소프트웨어,KOSDAQ
050120,유통,KOSDAQ
171120,화학,KOSDAQ
171010,반도체,KOSDAQ
084650,기타서비스,KOSDAQ
141080,기타서비스,KOSDAQ
060300,오락·문화,KOSDAQ
038390,기타서비스,KOSDAQ
228850,의료·정밀기기,KOSDAQ
047440,IT부품,KOSDAQ
238120,의료·정밀기기,KOSDAQ
090360,기계·장비,KOSDAQ
900260,기타서비스,KOSDAQ
016170,출판·매체복제,KOSDAQ
067730,컴퓨터서비스,KOSDAQ
071280,일반전기전자,KOSDAQ
109960,통신장비,KOSDAQ
038060,반도체,KOSDAQ
082800,반도체,KOSDAQ
085370,의료·정밀기기,KOSDAQ
08537M,의료·정밀기기,KOSDAQ
060240,기타서비스,KOSDAQ
042940,건설,KOSDAQ
058470,반도체,KOSDAQ
039980,유통,KOSDAQ
016100,화학,KOSDAQ
197210,반도체,KOSDAQ
012700,유통,KOSDAQ
038340,유통,KOSDAQ
131100,IT부품,KOSDAQ
042500,컴퓨터서비스,KOSDAQ
098120,반도체,KOSDAQ
147760,의료·정밀기기,KOSDAQ
035480,오락·문화,KOSDAQ
038290,기타서비스,KOSDAQ
005990,음식료·담배,KOSDAQ
127160,반도체,KOSDAQ
093520,유통,KOSDAQ
141070,기계·장비,KOSDAQ
067280,디지털컨텐츠,KOSDAQ
072870,기타서비스,KOSDAQ
215200,기타서비스,KOSDAQ
133750,기타서비스,KOSDAQ
041920,의료·정밀기기,KOSDAQ
086900,제약,KOSDAQ
078160,제약,KOSDAQ
065650,유통,KOSDAQ
021880,금융,KOSDAQ
140410,기타서비스,KOSDAQ
059210,제약,KOSDAQ
058110,의료·정밀기기,KOSDAQ
096640,IT부품,KOSDAQ
080420,IT부품,KOSDAQ
149940,통신장비,KOSDAQ
080160,기타서비스,KOSDAQ
100030,소프트웨어,KOSDAQ
101330,IT부품,KOSDAQ
033200,IT부품,KOSDAQ
006920,비금속,KOSDAQ
001810,종이·목재,KOSDAQ
161570,정보기기,KOSDAQ
095500,IT부품,KOSDAQ
215750,금융,KOSDAQ
239340,금융,KOSDAQ
049950,기계·장비,KOSDAQ
213090,소프트웨어,KOSDAQ
207760,디지털컨텐츠,KOSDAQ
059090,반도체,KOSDAQ
201490,출판·매체복제,KOSDAQ
214180,소프트웨어,KOSDAQ
206640,제약,KOSDAQ
018700,숙박·음식,KOSDAQ
035620,디지털컨텐츠,KOSDAQ
064520,반도체,KOSDAQ
029480,통신장비,KOSDAQ
053030,제약,KOSDAQ
084990,기타서비스,KOSDAQ
064550,제약,KOSDAQ
208710,IT부품,KOSDAQ
142760,기타서비스,KOSDAQ
038460,정보기기,KOSDAQ
086040,기타서비스,KOSDAQ
032980,화학,KOSDAQ
043150,의료·정밀기기,KOSDAQ
046310,통신장비,KOSDAQ
036620,유통,KOSDAQ
104200,디지털컨텐츠,KOSDAQ
177350,반도체,KOSDAQ
225530,광업,KOSDAQ
014100,화학,KOSDAQ
006910,금속,KOSDAQ
026260,인터넷,KOSDAQ
014470,일반전기전자,KOSDAQ
008470,금속,KOSDAQ
100120,의료·정밀기기,KOSDAQ
064480,컴퓨터서비스,KOSDAQ
033560,IT부품,KOSDAQ
200780,제약,KOSDAQ
141000,반도체,KOSDAQ
090460,IT부품,KOSDAQ
083650,기계·장비,KOSDAQ
086670,기계·장비,KOSDAQ
082920,IT부품,KOSDAQ
054220,일반전기전자,KOSDAQ
042370,일반전기전자,KOSDAQ
032850,소프트웨어,KOSDAQ
093190,정보기기,KOSDAQ
065450,의료·정밀기기,KOSDAQ
069540,통신장비,KOSDAQ
072950,반도체,KOSDAQ
143240,인터넷,KOSDAQ
123260,반도체,KOSDAQ
100090,금속,KOSDAQ
122350,운송장비·부품,KOSDAQ
014970,종이·목재,KOSDAQ
018310,금속,KOSDAQ
053700,운송장비·부품,KOSDAQ
009620,금속,KOSDAQ
023600,종이·목재,KOSDAQ
111870,일반전기전자,KOSDAQ
009300,제약,KOSDAQ
054540,금속,KOSDAQ
065570,통신장비,KOSDAQ
082660,IT부품,KOSDAQ
073640,금속,KOSDAQ
032280,운송,KOSDAQ
002290,건설,KOSDAQ
037460,통신장비,KOSDAQ
032750,일반전기전자,KOSDAQ
054090,IT부품,KOSDAQ
000250,제약,KOSDAQ
024950,유통,KOSDAQ
017480,금속,KOSDAQ
046390,오락·문화,KOSDAQ
027580,IT부품,KOSDAQ
091580,IT부품,KOSDAQ
089980,화학,KOSDAQ
042600,IT부품,KOSDAQ
038070,유통,KOSDAQ
006730,유통,KOSDAQ
079650,비금속,KOSDAQ
100660,기계·장비,KOSDAQ
012860,운송장비·부품,KOSDAQ
019770,기계·장비,KOSDAQ
043710,기타제조,KOSDAQ
046890,반도체,KOSDAQ
063170,유통,KOSDAQ
027040,일반전기전자,KOSDAQ
018680,제약,KOSDAQ
093920,IT부품,KOSDAQ
189860,일반전기전자,KOSDAQ
122690,운송장비·부품,KOSDAQ
011370,건설,KOSDAQ
065710,일반전기전자,KOSDAQ
033790,통신장비,KOSDAQ
035890,건설,KOSDAQ
003100,운송,KOSDAQ
123420,디지털컨텐츠,KOSDAQ
014620,금속,KOSDAQ
037350,기타서비스,KOSDAQ
081580,IT부품,KOSDAQ
045300,반도체,KOSDAQ
015750,운송장비·부품,KOSDAQ
080470,운송장비·부품,KOSDAQ
043260,IT부품,KOSDAQ
053060,운송장비·부품,KOSDAQ
017510,금속,KOSDAQ
214310,반도체,KOSDAQ
011560,건설,KOSDAQ
121800,통신장비,KOSDAQ
100700,제약,KOSDAQ
024830,운송장비·부품,KOSDAQ
036630,통신서비스,KOSDAQ
039310,기타서비스,KOSDAQ
080440,운송장비·부품,KOSDAQ
067770,IT부품,KOSDAQ
053450,의료·정밀기기,KOSDAQ
095300,기계·장비,KOSDAQ
049180,제약,KOSDAQ
108860,소프트웨어,KOSDAQ
208370,의료·정밀기기,KOSDAQ
068270,제약,KOSDAQ
068760,제약,KOSDAQ
053110,디지털컨텐츠,KOSDAQ
032680,유통,KOSDAQ
032685,유통,KOSDAQ
066910,기타제조,KOSDAQ
043100,의료·정밀기기,KOSDAQ
070300,소프트웨어,KOSDAQ
154040,IT부품,KOSDAQ
035610,기타서비스,KOSDAQ
036830,화학,KOSDAQ
230980,출판·매체복제,KOSDAQ
086980,오락·문화,KOSDAQ
050960,출판·매체복제,KOSDAQ
084180,기계·장비,KOSDAQ
236200,일반전기전자,KOSDAQ
094840,컴퓨터서비스,KOSDAQ
192440,IT부품,KOSDAQ
099440,기계·장비,KOSDAQ
115570,화학,KOSDAQ
087220,금속,KOSDAQ
028040,정보기기,KOSDAQ
013810,기계·장비,KOSDAQ
039670,출판·매체복제,KOSDAQ
049830,금속,KOSDAQ
020710,기타서비스,KOSDAQ
033170,반도체,KOSDAQ
025320,IT부품,KOSDAQ
131090,소프트웨어,KOSDAQ
001000,기타서비스,KOSDAQ
025870,음식료·담배,KOSDAQ
215600,기타서비스,KOSDAQ
065350,일반전기전자,KOSDAQ
056000,정보기기,KOSDAQ
086830,IT부품,KOSDAQ
225590,금융,KOSDAQ
017000,건설,KOSDAQ
012790,제약,KOSDAQ
138070,금속,KOSDAQ
203650,금융,KOSDAQ
056700,화학,KOSDAQ
187270,IT부품,KOSDAQ
108320,반도체,KOSDAQ
222800,반도체,KOSDAQ
036710,반도체,KOSDAQ
160980,반도체,KOSDAQ
010280,컴퓨터서비스,KOSDAQ
051170,기계·장비,KOSDAQ
122800,금속,KOSDAQ
208640,출판·매체복제,KOSDAQ
222420,비금속,KOSDAQ
037760,금속,KOSDAQ
136510,기계·장비,KOSDAQ
099320,통신장비,KOSDAQ
049960,제약,KOSDAQ
050890,통신장비,KOSDAQ
099830,오락·문화,KOSDAQ
066790,방송서비스,KOSDAQ
115530,IT부품,KOSDAQ
225330,기타서비스,KOSDAQ
115480,의료·정밀기기,KOSDAQ
096530,제약,KOSDAQ
900120,기타서비스,KOSDAQ
101240,화학,KOSDAQ
047920,기타서비스,KOSDAQ
060590,유통,KOSDAQ
036170,반도체,KOSDAQ
013990,유통,KOSDAQ
123860,반도체,KOSDAQ
058220,통신장비,KOSDAQ
052710,IT부품,KOSDAQ
074430,유통,KOSDAQ
092040,음식료·담배,KOSDAQ
083930,기계·장비,KOSDAQ
149950,IT부품,KOSDAQ
036010,일반전기전자,KOSDAQ
050860,기계·장비,KOSDAQ
067390,운송장비·부품,KOSDAQ
127710,디지털컨텐츠,KOSDAQ
143160,통신장비,KOSDAQ
054800,기타서비스,KOSDAQ
060570,정보기기,KOSDAQ
099190,의료·정밀기기,KOSDAQ
214430,일반전기전자,KOSDAQ
040910,반도체,KOSDAQ
068940,정보기기,KOSDAQ
052860,반도체,KOSDAQ
069920,유통,KOSDAQ
038880,반도체,KOSDAQ
101390,IT부품,KOSDAQ
226350,통신장비,KOSDAQ
078860,소프트웨어,KOSDAQ
114810,IT부품,KOSDAQ
023430,유통,KOSDAQ
031310,유통,KOSDAQ
185490,기타서비스,KOSDAQ
059100,IT부품,KOSDAQ
052460,컴퓨터서비스,KOSDAQ
119830,반도체,KOSDAQ
124500,컴퓨터서비스,KOSDAQ
032080,섬유·의류,KOSDAQ
013310,운송장비·부품,KOSDAQ
059120,반도체,KOSDAQ
023890,IT부품,KOSDAQ
067160,소프트웨어,KOSDAQ
001540,제약,KOSDAQ
053800,소프트웨어,KOSDAQ
065660,제약,KOSDAQ
131370,디지털컨텐츠,KOSDAQ
096610,반도체,KOSDAQ
061040,통신장비,KOSDAQ
148250,정보기기,KOSDAQ
196170,기타서비스,KOSDAQ
123750,운송장비·부품,KOSDAQ
085810,소프트웨어,KOSDAQ
117670,반도체,KOSDAQ
196300,제약,KOSDAQ
205500,디지털컨텐츠,KOSDAQ
052790,디지털컨텐츠,KOSDAQ
131400,IT부품,KOSDAQ
238090,비금속,KOSDAQ
030960,출판·매체복제,KOSDAQ
102120,반도체,KOSDAQ
019990,기계·장비,KOSDAQ
025980,오락·문화,KOSDAQ
041440,기계·장비,KOSDAQ
038680,컴퓨터서비스,KOSDAQ
121890,정보기기,KOSDAQ
030270,섬유·의류,KOSDAQ
097780,IT부품,KOSDAQ
042110,일반전기전자,KOSDAQ
065420,유통,KOSDAQ
050320,컴퓨터서비스,KOSDAQ
103230,기계·장비,KOSDAQ
900080,기타서비스,KOSDAQ
101490,반도체,KOSDAQ
095910,IT부품,KOSDAQ
036500,반도체,KOSDAQ
031330,유통,KOSDAQ
060540,통신장비,KOSDAQ
112240,화학,KOSDAQ
056190,기계·장비,KOSDAQ
080000,기계·장비,KOSDAQ
160600,기계·장비,KOSDAQ
041510,오락·문화,KOSDAQ
007820,기계·장비,KOSDAQ
109610,금속,KOSDAQ
096630,IT부품,KOSDAQ
069510,일반전기전자,KOSDAQ
041910,제약,KOSDAQ
039440,반도체,KOSDAQ
098660,섬유·의류,KOSDAQ
052020,IT부품,KOSDAQ
237690,제약,KOSDAQ
050760,화학,KOSDAQ
058610,IT부품,KOSDAQ
043340,기계·장비,KOSDAQ
054630,유통,KOSDAQ
200710,반도체,KOSDAQ
031860,유통,KOSDAQ
003800,기타제조,KOSDAQ
088800,통신장비,KOSDAQ
138360,화학,KOSDAQ
035290,출판·매체복제,KOSDAQ
072990,기타서비스,KOSDAQ
176440,IT부품,KOSDAQ
028300,운송장비·부품,KOSDAQ
067630,기타서비스,KOSDAQ
043220,유통,KOSDAQ
239610,음식료·담배,KOSDAQ
226340,금융,KOSDAQ
044780,기계·장비,KOSDAQ
071670,기계·장비,KOSDAQ
045660,정보기기,KOSDAQ
224110,정보기기,KOSDAQ
021080,금융,KOSDAQ
089530,반도체,KOSDAQ
182400,제약,KOSDAQ
073570,반도체,KOSDAQ
043580,유통,KOSDAQ
214870,통신장비,KOSDAQ
230360,기타서비스,KOSDAQ
038870,건설,KOSDAQ
086520,IT부품,KOSDAQ
038110,운송장비·부품,KOSDAQ
073540,통신장비,KOSDAQ
036810,반도체,KOSDAQ
063440,출판·매체복제,KOSDAQ
173940,오락·문화,KOSDAQ
065160,화학,KOSDAQ
054940,건설,KOSDAQ
950130,제약,KOSDAQ
205100,소프트웨어,KOSDAQ
092870,반도체,KOSDAQ
067570,운송장비·부품,KOSDAQ
054340,IT부품,KOSDAQ
217820,기계·장비,KOSDAQ
207720,금융,KOSDAQ
256840,금융,KOSDAQ
198440,금융,KOSDAQ
215790,금융,KOSDAQ
217810,금융,KOSDAQ
218410,금융,KOSDAQ
225570,금융,KOSDAQ
208860,소프트웨어,KOSDAQ
206400,소프트웨어,KOSDAQ
069410,소프트웨어,KOSDAQ
048830,화학,KOSDAQ
096870,반도체,KOSDAQ
061970,반도체,KOSDAQ
138690,반도체,KOSDAQ
066970,IT부품,KOSDAQ
156100,의료·정밀기기,KOSDAQ
073110,IT부품,KOSDAQ
083310,반도체,KOSDAQ
037950,IT부품,KOSDAQ
170920,반도체,KOSDAQ
058630,디지털컨텐츠,KOSDAQ
019590,금융,KOSDAQ
097520,IT부품,KOSDAQ
009780,음식료·담배,KOSDAQ
123040,운송장비·부품,KOSDAQ
032790,정보기기,KOSDAQ
180400,기타서비스,KOSDAQ
033160,반도체,KOSDAQ
050540,기타서비스,KOSDAQ
115960,화학,KOSDAQ
090740,IT부품,KOSDAQ
007530,금속,KOSDAQ
143540,반도체,KOSDAQ
036180,유통,KOSDAQ
036560,기계·장비,KOSDAQ
036000,출판·매체복제,KOSDAQ
053280,인터넷,KOSDAQ
122640,반도체,KOSDAQ
900300,기타서비스,KOSDAQ
045060,화학,KOSDAQ
080520,반도체,KOSDAQ
039830,기타서비스,KOSDAQ
046120,기타서비스,KOSDAQ
014940,운송장비·부품,KOSDAQ
065500,운송장비·부품,KOSDAQ
010470,기타서비스,KOSDAQ
053980,컴퓨터서비스,KOSDAQ
052420,IT부품,KOSDAQ
241790,반도체,KOSDAQ
039200,제약,KOSDAQ
031510,운송장비·부품,KOSDAQ
048260,의료·정밀기기,KOSDAQ
138080,통신장비,KOSDAQ
080580,반도체,KOSDAQ
067170,운송장비·부품,KOSDAQ
049480,컴퓨터서비스,KOSDAQ
196450,의료·정밀기기,KOSDAQ
057540,의료·정밀기기,KOSDAQ
057680,디지털컨텐츠,KOSDAQ
123010,반도체,KOSDAQ
082210,IT부품,KOSDAQ
109080,통신장비,KOSDAQ
052770,디지털컨텐츠,KOSDAQ
057030,기타서비스,KOSDAQ
122990,반도체,KOSDAQ
067900,기타서비스,KOSDAQ
155650,IT부품,KOSDAQ
066430,기타서비스,KOSDAQ
193250,IT부품,KOSDAQ
019210,금속,KOSDAQ
122870,오락·문화,KOSDAQ
079000,화학,KOSDAQ
900180,기타서비스,KOSDAQ
114630,화학,KOSDAQ
032820,일반전기전자,KOSDAQ
041190,금융,KOSDAQ
115440,통신장비,KOSDAQ
046970,통신장비,KOSDAQ
215360,운송장비·부품,KOSDAQ
072470,운송장비·부품,KOSDAQ
073560,"농업, 임업 및 어업",KOSDAQ
153490,반도체,KOSDAQ
082850,일반전기전자,KOSDAQ
037400,일반전기전자,KOSDAQ
101170,기계·장비,KOSDAQ
194610,기타제조,KOSDAQ
066590,운송장비·부품,KOSDAQ
046940,건설,KOSDAQ
052270,IT부품,KOSDAQ
065680,IT부품,KOSDAQ
018620,제약,KOSDAQ
032940,유통,KOSDAQ
240810,반도체,KOSDAQ
074600,비금속,KOSDAQ
104830,반도체,KOSDAQ
014190,유통,KOSDAQ
030530,반도체,KOSDAQ
012620,금속,KOSDAQ
008370,화학,KOSDAQ
008290,섬유·의류,KOSDAQ
101160,반도체,KOSDAQ
095270,IT부품,KOSDAQ
900130,기타서비스,KOSDAQ
065950,섬유·의류,KOSDAQ
114190,금속,KOSDAQ
076080,기계·장비,KOSDAQ
196700,화학,KOSDAQ
069080,디지털컨텐츠,KOSDAQ
039790,화학,KOSDAQ
044340,일반전기전자,KOSDAQ
112040,디지털컨텐츠,KOSDAQ
038620,유통,KOSDAQ
036090,기계·장비,KOSDAQ
136540,소프트웨어,KOSDAQ
097800,반도체,KOSDAQ
192390,금속,KOSDAQ
044480,화학,KOSDAQ
036200,반도체,KOSDAQ
018000,기계·장비,KOSDAQ
203450,일반전기전자,KOSDAQ
011320,운송장비·부품,KOSDAQ
086390,반도체,KOSDAQ
241690,운송장비·부품,KOSDAQ
142210,유통,KOSDAQ
048430,일반전기전자,KOSDAQ
089850,소프트웨어,KOSDAQ
032620,소프트웨어,KOSDAQ
078070,통신장비,KOSDAQ
024800,운송,KOSDAQ
054930,기타서비스,KOSDAQ
069330,IT부품,KOSDAQ
049520,IT부품,KOSDAQ
204620,금융,KOSDAQ
219960,금융,KOSDAQ
056090,의료·정밀기기,KOSDAQ
195990,기계·장비,KOSDAQ
023410,비금속,KOSDAQ
056080,기계·장비,KOSDAQ
221200,금융,KOSDAQ
215090,금융,KOSDAQ
084370,반도체,KOSDAQ
178780,IT부품,KOSDAQ
191410,IT부품,KOSDAQ
044960,제약,KOSDAQ
039020,금속,KOSDAQ
060230,IT부품,KOSDAQ
067920,소프트웨어,KOSDAQ
073490,통신장비,KOSDAQ
088390,IT부품,KOSDAQ
053350,소프트웨어,KOSDAQ
033110,의료·정밀기기,KOSDAQ
041520,IT부품,KOSDAQ
054210,IT부품,KOSDAQ
065440,소프트웨어,KOSDAQ
036260,오락·문화,KOSDAQ
115610,반도체,KOSDAQ
217600,금융,KOSDAQ
225440,금융,KOSDAQ
078020,금융,KOSDAQ
080010,인터넷,KOSDAQ
086890,제약,KOSDAQ
047560,디지털컨텐츠,KOSDAQ
900110,기타서비스,KOSDAQ
067010,정보기기,KOSDAQ
223310,소프트웨어,KOSDAQ
052190,디지털컨텐츠,KOSDAQ
102710,화학,KOSDAQ
094190,IT부품,KOSDAQ
123570,기타서비스,KOSDAQ
095190,기계·장비,KOSDAQ
091120,IT부품,KOSDAQ
039030,반도체,KOSDAQ
088290,운송장비·부품,KOSDAQ
033600,운송장비·부품,KOSDAQ
035810,음식료·담배,KOSDAQ
090850,기타서비스,KOSDAQ
058530,기계·장비,KOSDAQ
092130,기타서비스,KOSDAQ
016250,건설,KOSDAQ
096040,정보기기,KOSDAQ
134060,출판·매체복제,KOSDAQ
001840,건설,KOSDAQ
024810,IT부품,KOSDAQ
041830,의료·정밀기기,KOSDAQ
079950,기계·장비,KOSDAQ
060150,기타서비스,KOSDAQ
033230,컴퓨터서비스,KOSDAQ
037330,IT부품,KOSDAQ
083640,통신장비,KOSDAQ
216050,기타서비스,KOSDAQ
049070,IT부품,KOSDAQ
119610,의료·정밀기기,KOSDAQ
158310,기계·장비,KOSDAQ
017250,일반전기전자,KOSDAQ
108790,유통,KOSDAQ
035080,기타서비스,KOSDAQ
051370,IT부품,KOSDAQ
064290,반도체,KOSDAQ
189300,일반전기전자,KOSDAQ
150840,의료·정밀기기,KOSDAQ
048530,제약,KOSDAQ
175140,통신장비,KOSDAQ
115310,통신서비스,KOSDAQ
039290,통신서비스,KOSDAQ
041020,소프트웨어,KOSDAQ
071200,소프트웨어,KOSDAQ
101930,운송장비·부품,KOSDAQ
078940,건설,KOSDAQ
068330,기계·장비,KOSDAQ
058450,IT부품,KOSDAQ
019540,운송장비·부품,KOSDAQ
094820,건설,KOSDAQ
950140,기타서비스,KOSDAQ
049550,화학,KOSDAQ
043910,기타서비스,KOSDAQ
234920,일반전기전자,KOSDAQ
174880,통신장비,KOSDAQ
049630,IT부품,KOSDAQ
065530,통신서비스,KOSDAQ
208140,금융,KOSDAQ
022220,화학,KOSDAQ
040420,기타서비스,KOSDAQ
045510,컴퓨터서비스,KOSDAQ
065620,금속,KOSDAQ
217190,반도체,KOSDAQ
095700,기타서비스,KOSDAQ
187420,제약,KOSDAQ
123330,화학,KOSDAQ
159580,유통,KOSDAQ
147830,금속,KOSDAQ
033100,IT부품,KOSDAQ
019570,금융,KOSDAQ
079370,기계·장비,KOSDAQ
054950,기계·장비,KOSDAQ
096690,정보기기,KOSDAQ
090470,반도체,KOSDAQ
137950,화학,KOSDAQ
033320,유통,KOSDAQ
026040,기타제조,KOSDAQ
126880,기계·장비,KOSDAQ
033050,출판·매체복제,KOSDAQ
094970,IT부품,KOSDAQ
058420,오락·문화,KOSDAQ
036420,기타서비스,KOSDAQ
089790,반도체,KOSDAQ
052670,제약,KOSDAQ
023440,금속,KOSDAQ
038010,금속,KOSDAQ
080220,반도체,KOSDAQ
082270,기계·장비,KOSDAQ
041590,IT부품,KOSDAQ
044060,기계·장비,KOSDAQ
034940,제약,KOSDAQ
101730,디지털컨텐츠,KOSDAQ
067000,디지털컨텐츠,KOSDAQ
033340,섬유·의류,KOSDAQ
036930,반도체,KOSDAQ
072020,제약,KOSDAQ
000440,유통,KOSDAQ
054180,운송장비·부품,KOSDAQ
155960,IT부품,KOSDAQ
208350,출판·매체복제,KOSDAQ
114570,반도체,KOSDAQ
051160,소프트웨어,KOSDAQ
053050,전기·가스·수도,KOSDAQ
119850,일반전기전자,KOSDAQ
065060,섬유·의류,KOSDAQ
204840,기타서비스,KOSDAQ
018290,일반전기전자,KOSDAQ
115450,소프트웨어,KOSDAQ
018120,음식료·담배,KOSDAQ
109820,기타서비스,KOSDAQ
086060,음식료·담배,KOSDAQ
036890,기계·장비,KOSDAQ
007370,제약,KOSDAQ
085660,제약,KOSDAQ
900040,기타서비스,KOSDAQ
900090,기타서비스,KOSDAQ
094850,기타서비스,KOSDAQ
004650,음식료·담배,KOSDAQ
111820,인터넷,KOSDAQ
096240,기타서비스,KOSDAQ
013720,운송장비·부품,KOSDAQ
047820,오락·문화,KOSDAQ
094360,소프트웨어,KOSDAQ
016920,유통,KOSDAQ
035720,인터넷,KOSDAQ
071850,운송장비·부품,KOSDAQ
066410,디지털컨텐츠,KOSDAQ
050110,IT부품,KOSDAQ
078340,디지털컨텐츠,KOSDAQ
214370,제약,KOSDAQ
221980,화학,KOSDAQ
043290,의료·정밀기기,KOSDAQ
250930,금융,KOSDAQ
222390,금융,KOSDAQ
232270,금융,KOSDAQ
192250,소프트웨어,KOSDAQ
115500,컴퓨터서비스,KOSDAQ
089150,컴퓨터서비스,KOSDAQ
025880,음식료·담배,KOSDAQ
093320,인터넷,KOSDAQ
065940,화학,KOSDAQ
073010,기계·장비,KOSDAQ
105330,IT부품,KOSDAQ
068150,건설,KOSDAQ
039420,통신서비스,KOSDAQ
083550,유통,KOSDAQ
032500,통신장비,KOSDAQ
204650,금융,KOSDAQ
214150,금융,KOSDAQ
064820,운송장비·부품,KOSDAQ
220260,금융,KOSDAQ
024880,금속,KOSDAQ
042040,화학,KOSDAQ
054410,금속,KOSDAQ
089010,IT부품,KOSDAQ
052400,소프트웨어,KOSDAQ
094860,소프트웨어,KOSDAQ
046070,운송장비·부품,KOSDAQ
047770,섬유·의류,KOSDAQ
080530,기계·장비,KOSDAQ
224060,반도체,KOSDAQ
078650,의료·정밀기기,KOSDAQ
104540,의료·정밀기기,KOSDAQ
033430,유통,KOSDAQ
027050,화학,KOSDAQ
101670,금속,KOSDAQ
123410,운송장비·부품,KOSDAQ
036690,통신장비,KOSDAQ
049430,의료·정밀기기,KOSDAQ
041960,제약,KOSDAQ
009730,금속,KOSDAQ
241710,화학,KOSDAQ
069110,화학,KOSDAQ
048870,반도체,KOSDAQ
166480,제약,KOSDAQ
045970,기타서비스,KOSDAQ
038530,통신장비,KOSDAQ
029960,기타서비스,KOSDAQ
102940,제약,KOSDAQ
033290,IT부품,KOSDAQ
056360,통신장비,KOSDAQ
121850,IT부품,KOSDAQ
015710,통신장비,KOSDAQ
052330,정보기기,KOSDAQ
126600,화학,KOSDAQ
200130,제약,KOSDAQ
225650,일반전기전자,KOSDAQ
060280,유통,KOSDAQ
040350,컴퓨터서비스,KOSDAQ
051780,유통,KOSDAQ
115180,기타서비스,KOSDAQ
065560,소프트웨어,KOSDAQ
182360,오락·문화,KOSDAQ
066310,반도체,KOSDAQ
016600,금융,KOSDAQ
043590,반도체,KOSDAQ
114120,IT부품,KOSDAQ
083790,기타서비스,KOSDAQ
900250,기타서비스,KOSDAQ
045520,종이·목재,KOSDAQ
237880,화학,KOSDAQ
218710,금융,KOSDAQ
226850,금융,KOSDAQ
054780,오락·문화,KOSDAQ
219130,반도체,KOSDAQ
065130,기계·장비,KOSDAQ
023160,금속,KOSDAQ
053620,금속,KOSDAQ
072520,IT부품,KOSDAQ
044490,금속,KOSDAQ
191420,제약,KOSDAQ
123100,반도체,KOSDAQ
182690,반도체,KOSDAQ
066700,제약,KOSDAQ
095610,반도체,KOSDAQ
131970,반도체,KOSDAQ
089030,반도체,KOSDAQ
038540,컴퓨터서비스,KOSDAQ
054450,반도체,KOSDAQ
091440,통신장비,KOSDAQ
200230,통신장비,KOSDAQ
051360,정보기기,KOSDAQ
045340,소프트웨어,KOSDAQ
057880,통신장비,KOSDAQ
108230,기계·장비,KOSDAQ
079970,소프트웨어,KOSDAQ
052290,IT부품,KOSDAQ
105550,일반전기전자,KOSDAQ
026150,건설,KOSDAQ
033830,방송서비스,KOSDAQ
064760,반도체,KOSDAQ
131290,반도체,KOSDAQ
246690,금융,KOSDAQ
062860,반도체,KOSDAQ
104480,화학,KOSDAQ
081150,금속,KOSDAQ
130740,운송장비·부품,KOSDAQ
084730,통신장비,KOSDAQ
046210,의료·정밀기기,KOSDAQ
034230,오락·문화,KOSDAQ
033540,기계·장비,KOSDAQ
043200,IT부품,KOSDAQ
214450,유통,KOSDAQ
177830,일반전기전자,KOSDAQ
037070,일반전기전자,KOSDAQ
150900,소프트웨어,KOSDAQ
047310,IT부품,KOSDAQ
170790,통신장비,KOSDAQ
049120,IT부품,KOSDAQ
038950,통신장비,KOSDAQ
106240,IT부품,KOSDAQ
131760,IT부품,KOSDAQ
140860,의료·정밀기기,KOSDAQ
091700,IT부품,KOSDAQ
194510,디지털컨텐츠,KOSDAQ
038160,금융,KOSDAQ
032800,오락·문화,KOSDAQ
043090,유통,KOSDAQ
027710,음식료·담배,KOSDAQ
054300,기계·장비,KOSDAQ
068050,오락·문화,KOSDAQ
222110,제약,KOSDAQ
060900,화학,KOSDAQ
087010,제약,KOSDAQ
043370,운송장비·부품,KOSDAQ
119500,금속,KOSDAQ
016670,유통,KOSDAQ
056730,일반전기전자,KOSDAQ
022100,기타서비스,KOSDAQ
009520,금속,KOSDAQ
003670,비금속,KOSDAQ
189690,소프트웨어,KOSDAQ
141020,유통,KOSDAQ
039230,반도체,KOSDAQ
005670,음식료·담배,KOSDAQ
094940,정보기기,KOSDAQ
007330,금융,KOSDAQ
093380,금속,KOSDAQ
023900,음식료·담배,KOSDAQ
195440,소프트웨어,KOSDAQ
214270,출판·매체복제,KOSDAQ
220100,제약,KOSDAQ
035200,화학,KOSDAQ
203690,제약,KOSDAQ
053610,반도체,KOSDAQ
053160,일반전기전자,KOSDAQ
060910,IT부품,KOSDAQ
075130,컴퓨터서비스,KOSDAQ
023770,디지털컨텐츠,KOSDAQ
032580,반도체,KOSDAQ
051380,유통,KOSDAQ
237750,일반전기전자,KOSDAQ
131390,일반전기전자,KOSDAQ
024850,반도체,KOSDAQ
031980,반도체,KOSDAQ
002230,의료·정밀기기,KOSDAQ
137400,기계·장비,KOSDAQ
128660,금속,KOSDAQ
006140,의료·정밀기기,KOSDAQ
087600,반도체,KOSDAQ
064800,컴퓨터서비스,KOSDAQ
230240,금융,KOSDAQ
250060,금융,KOSDAQ
067310,반도체,KOSDAQ
208870,금융,KOSDAQ
215100,금융,KOSDAQ
218150,금융,KOSDAQ
136480,음식료·담배,KOSDAQ
024660,기타서비스,KOSDAQ
149980,의료·정밀기기,KOSDAQ
013030,금속,KOSDAQ
126700,의료·정밀기기,KOSDAQ
200470,반도체,KOSDAQ
106080,IT부품,KOSDAQ
066980,IT부품,KOSDAQ
235010,금융,KOSDAQ
205470,금융,KOSDAQ
217500,금융,KOSDAQ
221840,운송장비·부품,KOSDAQ
106190,제약,KOSDAQ
066130,일반전기전자,KOSDAQ
222080,금융,KOSDAQ
240540,금융,KOSDAQ
004590,기타제조,KOSDAQ
039340,방송서비스,KOSDAQ
034950,기타서비스,KOSDAQ
222980,음식료·담배,KOSDAQ
025550,금속,KOSDAQ
017890,화학,KOSDAQ
063570,통신서비스,KOSDAQ
041460,소프트웨어,KOSDAQ
101680,기계·장비,KOSDAQ
039740,유통,KOSDAQ
053300,소프트웨어,KOSDAQ
025770,통신서비스,KOSDAQ
023760,금융,KOSDAQ
054040,IT부품,KOSDAQ
021650,화학,KOSDAQ
053590,기계·장비,KOSDAQ
037230,종이·목재,KOSDAQ
030520,소프트웨어,KOSDAQ
052600,통신서비스,KOSDAQ
092460,운송장비·부품,KOSDAQ
047080,디지털컨텐츠,KOSDAQ
081970,소프트웨어,KOSDAQ
099660,금속,KOSDAQ
221610,화학,KOSDAQ
070590,컴퓨터서비스,KOSDAQ
042520,제약,KOSDAQ
078350,반도체,KOSDAQ
045100,기타서비스,KOSDAQ
064090,통신장비,KOSDAQ
046110,컴퓨터서비스,KOSDAQ
024740,운송장비·부품,KOSDAQ
005860,음식료·담배,KOSDAQ
123840,기계·장비,KOSDAQ
007770,화학,KOSDAQ
061460,화학,KOSDAQ
079170,금속,KOSDAQ
054920,소프트웨어,KOSDAQ
077280,반도체,KOSDAQ
002680,음식료·담배,KOSDAQ
066110,정보기기,KOSDAQ
217620,금융,KOSDAQ
215380,금융,KOSDAQ
219860,금융,KOSDAQ
102210,운송장비·부품,KOSDAQ
220630,유통,KOSDAQ
034810,기타서비스,KOSDAQ
076610,IT부품,KOSDAQ
220180,소프트웨어,KOSDAQ
008800,비금속,KOSDAQ
900270,기타서비스,KOSDAQ
170030,운송장비·부품,KOSDAQ
221950,금융,KOSDAQ
226360,금융,KOSDAQ
048410,정보기기,KOSDAQ
204760,금융,KOSDAQ
026180,컴퓨터서비스,KOSDAQ
039010,통신장비,KOSDAQ
204990,음식료·담배,KOSDAQ
092300,IT부품,KOSDAQ
053660,금속,KOSDAQ
011080,섬유·의류,KOSDAQ
060560,비금속,KOSDAQ
064240,통신장비,KOSDAQ
039610,기계·장비,KOSDAQ
126640,운송장비·부품,KOSDAQ
086250,기계·장비,KOSDAQ
204630,오락·문화,KOSDAQ
061250,제약,KOSDAQ
134780,운송장비·부품,KOSDAQ
097870,화학,KOSDAQ
050090,IT부품,KOSDAQ
115160,통신장비,KOSDAQ
028080,기타서비스,KOSDAQ
200670,제약,KOSDAQ
065510,의료·정밀기기,KOSDAQ
243070,제약,KOSDAQ
084110,제약,KOSDAQ
145020,제약,KOSDAQ
024060,유통,KOSDAQ
010240,기계·장비,KOSDAQ
189980,음식료·담배,KOSDAQ
037440,기타서비스,KOSDAQ
265520,반도체,KOSDAQ
264850,금융,KOSDAQ
276920,금융,KOSDAQ
277410,금융,KOSDAQ
267320,금융,KOSDAQ
262830,금융,KOSDAQ
007680,건설,KOSDAQ
263600,일반전기전자,KOSDAQ
263800,정보기기,KOSDAQ
281740,금융,KOSDAQ
187870,반도체,KOSDAQ
263720,디지털컨텐츠,KOSDAQ
267980,음식료·담배,KOSDAQ
241770,반도체,KOSDAQ
087260,소프트웨어,KOSDAQ
118990,운송장비·부품,KOSDAQ
265480,금융,KOSDAQ
250000,유통,KOSDAQ
251630,기계·장비,KOSDAQ
148140,기계·장비,KOSDAQ
138580,소프트웨어,KOSDAQ
225190,의료·정밀기기,KOSDAQ
263810,일반전기전자,KOSDAQ
263540,운송장비·부품,KOSDAQ
178320,통신장비,KOSDAQ
140070,유통,KOSDAQ
171090,반도체,KOSDAQ
234100,운송장비·부품,KOSDAQ
091990,유통,KOSDAQ
253450,오락·문화,KOSDAQ
269620,의료·정밀기기,KOSDAQ
002800,제약,KOSDAQ
263770,금융,KOSDAQ
257730,금융,KOSDAQ
277480,금융,KOSDAQ
243840,IT부품,KOSDAQ
260930,화학,KOSDAQ
246720,제약,KOSDAQ
227610,화학,KOSDAQ
140670,IT부품,KOSDAQ
174900,제약,KOSDAQ
255440,IT부품,KOSDAQ
217480,화학,KOSDAQ
263920,기타제조,KOSDAQ
234300,소프트웨어,KOSDAQ
083500,기계·장비,KOSDAQ
256630,금융,KOSDAQ
273060,금융,KOSDAQ
259630,기계·장비,KOSDAQ
265560,운송장비·부품,KOSDAQ
251370,화학,KOSDAQ
206650,기타서비스,KOSDAQ
264450,통신장비,KOSDAQ
179900,IT부품,KOSDAQ
272290,IT부품,KOSDAQ
258610,금속,KOSDAQ
063760,반도체,KOSDAQ
181340,의료·정밀기기,KOSDAQ
003380,금융,KOSDAQ
263860,소프트웨어,KOSDAQ
066360,음식료·담배,KOSDAQ
900310,기타서비스,KOSDAQ
258790,금융,KOSDAQ
256940,반도체,KOSDAQ
183300,반도체,KOSDAQ
950160,제약,KOSDAQ
263750,디지털컨텐츠,KOSDAQ
241820,제약,KOSDAQ
161580,IT부품,KOSDAQ
270520,금융,KOSDAQ
261200,금융,KOSDAQ
166090,반도체,KOSDAQ
271740,금융,KOSDAQ
281410,금융,KOSDAQ
265920,금융,KOSDAQ
264290,금융,KOSDAQ
279410,금융,KOSDAQ
238490,반도체,KOSDAQ
306620,금융,KOSDAQ
245620,기타서비스,KOSDAQ
299170,금융,KOSDAQ
297570,금융,KOSDAQ
950170,유통,KOSDAQ
255220,비금속,KOSDAQ
307070,금융,KOSDAQ
289080,금융,KOSDAQ
307870,금융,KOSDAQ
307280,금융,KOSDAQ
293580,금융,KOSDAQ
111710,오락·문화,KOSDAQ
290660,의료·정밀기기,KOSDAQ
194700,음식료·담배,KOSDAQ
285490,기타제조,KOSDAQ
270870,음식료·담배,KOSDAQ
290670,기계·장비,KOSDAQ
253590,금융,KOSDAQ
303030,금융,KOSDAQ
307750,금융,KOSDAQ
290380,화학,KOSDAQ
290120,운송장비·부품,KOSDAQ
006620,제약,KOSDAQ
110990,IT부품,KOSDAQ
263690,의료·정밀기기,KOSDAQ
227100,일반전기전자,KOSDAQ
197140,출판·매체복제,KOSDAQ
263020,화학,KOSDAQ
290550,IT부품,KOSDAQ
108490,소프트웨어,KOSDAQ
277070,금융,KOSDAQ
219420,소프트웨어,KOSDAQ
100590,일반전기전자,KOSDAQ
257370,IT부품,KOSDAQ
310200,금융,KOSDAQ
086820,제약,KOSDAQ
267790,섬유·의류,KOSDAQ
299910,디지털컨텐츠,KOSDAQ
238200,음식료·담배,KOSDAQ
309930,금융,KOSDAQ
291230,금융,KOSDAQ
258830,의료·정밀기기,KOSDAQ
268600,기타서비스,KOSDAQ
307180,금융,KOSDAQ
217330,기타서비스,KOSDAQ
264660,반도체,KOSDAQ
154030,"농업, 임업 및 어업",KOSDAQ
175250,제약,KOSDAQ
027360,금융,KOSDAQ
260660,제약,KOSDAQ
290740,기계·장비,KOSDAQ
275630,소프트웨어,KOSDAQ
288620,일반전기전자,KOSDAQ
298380,제약,KOSDAQ
089970,기계·장비,KOSDAQ
064510,기계·장비,KOSDAQ
128540,운송장비·부품,KOSDAQ
310840,금융,KOSDAQ
183490,제약,KOSDAQ
290650,제약,KOSDAQ
179290,의료·정밀기기,KOSDAQ
204020,섬유·의류,KOSDAQ
226400,의료·정밀기기,KOSDAQ
173130,소프트웨어,KOSDAQ
226950,기타서비스,KOSDAQ
153710,제약,KOSDAQ
299900,오락·문화,KOSDAQ
900340,금융,KOSDAQ
287410,금융,KOSDAQ
263050,제약,KOSDAQ
302430,기계·장비,KOSDAQ
110020,화학,KOSDAQ
122310,의료·정밀기기,KOSDAQ
219750,의료·정밀기기,KOSDAQ
042000,인터넷,KOSDAQ
263700,소프트웨어,KOSDAQ
110790,섬유·의류,KOSDAQ
311270,금융,KOSDAQ
117730,기계·장비,KOSDAQ
246710,제약,KOSDAQ
208340,제약,KOSDAQ
037030,일반전기전자,KOSDAQ
290720,유통,KOSDAQ
284620,금융,KOSDAQ
307160,금융,KOSDAQ
080720,제약,KOSDAQ
291210,금융,KOSDAQ
310870,금융,KOSDAQ
016790,음식료·담배,KOSDAQ
290270,소프트웨어,KOSDAQ
322780,금융,KOSDAQ
335890,금융,KOSDAQ
335870,금융,KOSDAQ
337450,금융,KOSDAQ
950180,출판·매체복제,KOSDAQ
186230,금속,KOSDAQ
308100,유통,KOSDAQ
286750,화학,KOSDAQ
311390,음식료·담배,KOSDAQ
104620,기타서비스,KOSDAQ
278650,기타서비스,KOSDAQ
234690,제약,KOSDAQ
317850,기계·장비,KOSDAQ
332290,금융,KOSDAQ
317330,반도체,KOSDAQ
317120,일반전기전자,KOSDAQ
300120,IT부품,KOSDAQ
214260,화학,KOSDAQ
228670,의료·정밀기기,KOSDAQ
302550,의료·정밀기기,KOSDAQ
195500,음식료·담배,KOSDAQ
305090,의료·정밀기기,KOSDAQ
235980,기타서비스,KOSDAQ
327260,기타제조,KOSDAQ
279600,소프트웨어,KOSDAQ
328380,금융,KOSDAQ
333430,금융,KOSDAQ
100790,금융,KOSDAQ
288330,제약,KOSDAQ
329560,금융,KOSDAQ
148150,일반전기전자,KOSDAQ
234340,소프트웨어,KOSDAQ
299660,기타서비스,KOSDAQ
253840,의료·정밀기기,KOSDAQ
317770,일반전기전자,KOSDAQ
323280,금융,KOSDAQ
226330,출판·매체복제,KOSDAQ
323230,금융,KOSDAQ
333050,금융,KOSDAQ
297090,기계·장비,KOSDAQ
125210,IT부품,KOSDAQ
289010,출판·매체복제,KOSDAQ
084850,반도체,KOSDAQ
158430,소프트웨어,KOSDAQ
293780,기타서비스,KOSDAQ
306040,섬유·의류,KOSDAQ
317830,기계·장비,KOSDAQ
241840,오락·문화,KOSDAQ
312610,일반전기전자,KOSDAQ
247540,일반전기전자,KOSDAQ
317870,기타제조,KOSDAQ
319400,금융,KOSDAQ
244460,제약,KOSDAQ
103840,음식료·담배,KOSDAQ
053580,금융,KOSDAQ
313760,일반전기전자,KOSDAQ
313750,금융,KOSDAQ
336060,금융,KOSDAQ
321260,금융,KOSDAQ
331380,금융,KOSDAQ
246960,기타서비스,KOSDAQ
099750,출판·매체복제,KOSDAQ
322510,소프트웨어,KOSDAQ
216080,제약,KOSDAQ
228760,제약,KOSDAQ
311690,기타서비스,KOSDAQ
278280,화학,KOSDAQ
317530,오락·문화,KOSDAQ
307930,금융,KOSDAQ
317030,금융,KOSDAQ
323940,금융,KOSDAQ
330990,금융,KOSDAQ
272110,기계·장비,KOSDAQ
290510,소프트웨어,KOSDAQ
190650,금융,KOSDAQ
282880,기계·장비,KOSDAQ
124560,운송,KOSDAQ
322180,소프트웨어,KOSDAQ
321550,기타서비스,KOSDAQ
318010,음식료·담배,KOSDAQ
251970,화학,KOSDAQ
300080,디지털컨텐츠,KOSDAQ
319660,반도체,KOSDAQ
062970,일반전기전자,KOSDAQ
332710,금융,KOSDAQ
317240,금융,KOSDAQ
318000,화학,KOSDAQ
256150,기계·장비,KOSDAQ
317320,금융,KOSDAQ
367340,금융,KOSDAQ
351340,금융,KOSDAQ
351320,금융,KOSDAQ
340350,금융,KOSDAQ
348150,기타서비스,KOSDAQ
355150,금융,KOSDAQ
331520,금융,KOSDAQ
330860,반도체,KOSDAQ
348210,반도체,KOSDAQ
336570,금융,KOSDAQ
369370,금융,KOSDAQ
298540,유통,KOSDAQ
223250,기타서비스,KOSDAQ
294140,화학,KOSDAQ
353490,금융,KOSDAQ
214610,의료·정밀기기,KOSDAQ
950190,출판·매체복제,KOSDAQ
301300,소프트웨어,KOSDAQ
323990,기타서비스,KOSDAQ
337930,인터넷,KOSDAQ
126340,IT부품,KOSDAQ
318410,기타제조,KOSDAQ
294630,일반전기전자,KOSDAQ
092190,IT부품,KOSDAQ
357550,화학,KOSDAQ
347000,일반전기전자,KOSDAQ
331920,제약,KOSDAQ
290690,일반전기전자,KOSDAQ
950200,기타서비스,KOSDAQ
357780,화학,KOSDAQ
304100,소프트웨어,KOSDAQ
290520,기계·장비,KOSDAQ
344050,금융,KOSDAQ
332370,정보기기,KOSDAQ
339950,기타서비스,KOSDAQ
347860,소프트웨어,KOSDAQ
291650,기타서비스,KOSDAQ
129890,정보기기,KOSDAQ
298060,제약,KOSDAQ
353070,금융,KOSDAQ
353060,금융,KOSDAQ
262260,일반전기전자,KOSDAQ
064850,기타서비스,KOSDAQ
353190,금융,KOSDAQ
359090,금융,KOSDAQ
365590,금융,KOSDAQ
265740,화학,KOSDAQ
354200,기타서비스,KOSDAQ
198080,IT부품,KOSDAQ
297890,기계·장비,KOSDAQ
169330,기타서비스,KOSDAQ
347890,정보기기,KOSDAQ
060850,소프트웨어,KOSDAQ
332570,IT부품,KOSDAQ
053080,기계·장비,KOSDAQ
330350,제약,KOSDAQ
348350,의료·정밀기기,KOSDAQ
065370,출판·매체복제,KOSDAQ
320000,기계·장비,KOSDAQ
340360,금융,KOSDAQ
367460,금융,KOSDAQ
164060,의료·정밀기기,KOSDAQ
349720,금융,KOSDAQ
323210,금융,KOSDAQ
101360,화학,KOSDAQ
294090,의료·정밀기기,KOSDAQ
353810,음식료·담배,KOSDAQ
352940,화학,KOSDAQ
225220,제약,KOSDAQ
204270,일반전기전자,KOSDAQ
199820,일반전기전자,KOSDAQ
229000,제약,KOSDAQ
314130,제약,KOSDAQ
293490,디지털컨텐츠,KOSDAQ
342550,금융,KOSDAQ
347140,금융,KOSDAQ
274090,운송장비·부품,KOSDAQ
317690,의료·정밀기기,KOSDAQ
352770,기타서비스,KOSDAQ
340570,제약,KOSDAQ
277880,기계·장비,KOSDAQ
356860,일반전기전자,KOSDAQ
318020,일반전기전자,KOSDAQ
335810,의료·정밀기기,KOSDAQ
237820,기타서비스,KOSDAQ
347740,기타서비스,KOSDAQ
304840,제약,KOSDAQ
347770,IT부품,KOSDAQ
341160,금융,KOSDAQ
343510,금융,KOSDAQ
299030,기계·장비,KOSDAQ
340120,금융,KOSDAQ
032300,제약,KOSDAQ
340440,금융,KOSDAQ
367360,금융,KOSDAQ
195940,제약,KOSDAQ
373200,금융,KOSDAQ
388790,금융,KOSDAQ
397880,금융,KOSDAQ
247660,일반전기전자,KOSDAQ
950220,기타서비스,KOSDAQ
387310,금융,KOSDAQ
397500,금융,KOSDAQ
376300,소프트웨어,KOSDAQ
315640,소프트웨어,KOSDAQ
232680,반도체,KOSDAQ
347700,소프트웨어,KOSDAQ
200350,오락·문화,KOSDAQ
277810,기계·장비,KOSDAQ
377450,기타서비스,KOSDAQ
377480,소프트웨어,KOSDAQ
377030,소프트웨어,KOSDAQ
348030,디지털컨텐츠,KOSDAQ
314930,의료·정밀기기,KOSDAQ
099430,제약,KOSDAQ
222160,기계·장비,KOSDAQ
308080,제약,KOSDAQ
338220,소프트웨어,KOSDAQ
099390,소프트웨어,KOSDAQ
357880,소프트웨어,KOSDAQ
380320,금융,KOSDAQ
377630,금융,KOSDAQ
361670,일반전기전자,KOSDAQ
252990,반도체,KOSDAQ
086710,화학,KOSDAQ
366330,금융,KOSDAQ
393360,금융,KOSDAQ
257720,유통,KOSDAQ
356890,소프트웨어,KOSDAQ
352480,화학,KOSDAQ
352700,섬유·의류,KOSDAQ
376290,IT부품,KOSDAQ
189330,소프트웨어,KOSDAQ
357580,IT부품,KOSDAQ
159010,기계·장비,KOSDAQ
262840,소프트웨어,KOSDAQ
372800,소프트웨어,KOSDAQ
114840,화학,KOSDAQ
361570,오락·문화,KOSDAQ
270660,일반전기전자,KOSDAQ
260970,음식료·담배,KOSDAQ
187660,기타서비스,KOSDAQ
203400,기타서비스,KOSDAQ
357230,음식료·담배,KOSDAQ
383310,화학,KOSDAQ
236810,기타서비스,KOSDAQ
333620,일반전기전자,KOSDAQ
391060,금융,KOSDAQ
391710,금융,KOSDAQ
396770,금융,KOSDAQ
348370,화학,KOSDAQ
376190,반도체,KOSDAQ
058970,소프트웨어,KOSDAQ
322310,기계·장비,KOSDAQ
352910,소프트웨어,KOSDAQ
321820,출판·매체복제,KOSDAQ
273640,일반전기전자,KOSDAQ
382840,기계·장비,KOSDAQ
376980,소프트웨어,KOSDAQ
367480,금융,KOSDAQ
340930,기계·장비,KOSDAQ
373340,금융,KOSDAQ
388800,금융,KOSDAQ
303530,소프트웨어,KOSDAQ
351330,컴퓨터서비스,KOSDAQ
289220,오락·문화,KOSDAQ
361390,통신장비,KOSDAQ
276730,음식료·담배,KOSDAQ
389030,기타서비스,KOSDAQ
382480,기계·장비,KOSDAQ
382800,기계·장비,KOSDAQ
311320,일반전기전자,KOSDAQ
363250,의료·정밀기기,KOSDAQ
261780,기타서비스,KOSDAQ
298870,금융,KOSDAQ
294570,소프트웨어,KOSDAQ
365270,기타서비스,KOSDAQ
199800,기타서비스,KOSDAQ
290090,소프트웨어,KOSDAQ
334970,제약,KOSDAQ
377220,음식료·담배,KOSDAQ
367000,소프트웨어,KOSDAQ
239890,화학,KOSDAQ
376180,기타제조,KOSDAQ
163730,소프트웨어,KOSDAQ
363260,금융,KOSDAQ
388220,금융,KOSDAQ
400560,금융,KOSDAQ
372290,금융,KOSDAQ
377400,금융,KOSDAQ
400840,금융,KOSDAQ
368770,금융,KOSDAQ
386580,금융,KOSDAQ
03481K,금융,KOSDAQ
059270,금속,KOSDAQ
404950,금융,KOSDAQ
403870,반도체,KOSDAQ
405350,금융,KOSDAQ
424760,금융,KOSDAQ
426550,금융,KOSDAQ
439730,금융,KOSDAQ
442770,금융,KOSDAQ
419530,오락·문화,KOSDAQ
399720,반도체,KOSDAQ
366030,유통,KOSDAQ
421800,금융,KOSDAQ
440790,금융,KOSDAQ
137080,기계·장비,KOSDAQ
396270,반도체,KOSDAQ
376930,의료·정밀기기,KOSDAQ
348340,기계·장비,KOSDAQ
389260,건설,KOSDAQ
129920,기계·장비,KOSDAQ
426670,금융,KOSDAQ
438220,금융,KOSDAQ
442310,금융,KOSDAQ
393890,일반전기전자,KOSDAQ
383930,기타서비스,KOSDAQ
412350,반도체,KOSDAQ
328130,소프트웨어,KOSDAQ
417970,기계·장비,KOSDAQ
288980,소프트웨어,KOSDAQ
412930,금융,KOSDAQ
251120,제약,KOSDAQ
382900,일반전기전자,KOSDAQ
310210,제약,KOSDAQ
365900,기타제조,KOSDAQ
419540,의료·정밀기기,KOSDAQ
146320,반도체,KOSDAQ
445360,금융,KOSDAQ
148780,출판·매체복제,KOSDAQ
419120,소프트웨어,KOSDAQ
425290,금융,KOSDAQ
439250,금융,KOSDAQ
415580,금융,KOSDAQ
107600,화학,KOSDAQ
378800,제약,KOSDAQ
067370,제약,KOSDAQ
365340,화학,KOSDAQ
396300,금속,KOSDAQ
276040,디지털컨텐츠,KOSDAQ
330730,금융,KOSDAQ
162300,금속,KOSDAQ
419270,금융,KOSDAQ
430220,금융,KOSDAQ
445970,금융,KOSDAQ
418210,금융,KOSDAQ
405640,금융,KOSDAQ
136410,화학,KOSDAQ
368600,기타제조,KOSDAQ
314140,제약,KOSDAQ
179530,제약,KOSDAQ
389500,기계·장비,KOSDAQ
408920,금융,KOSDAQ
435870,금융,KOSDAQ
148930,IT부품,KOSDAQ
397030,기타서비스,KOSDAQ
422040,금융,KOSDAQ
437780,금융,KOSDAQ
438580,금융,KOSDAQ
439410,금융,KOSDAQ
440820,금융,KOSDAQ
419080,기계·장비,KOSDAQ
112290,반도체,KOSDAQ
368970,음식료·담배,KOSDAQ
353590,유통,KOSDAQ
394280,소프트웨어,KOSDAQ
380540,통신장비,KOSDAQ
377460,운송,KOSDAQ
084440,소프트웨어,KOSDAQ
435380,금융,KOSDAQ
430700,금융,KOSDAQ
388720,기계·장비,KOSDAQ
413630,금융,KOSDAQ
442130,금융,KOSDAQ
372170,금속,KOSDAQ
296640,소프트웨어,KOSDAQ
377330,일반전기전자,KOSDAQ
389470,제약,KOSDAQ
211050,금융,KOSDAQ
417840,반도체,KOSDAQ
417500,반도체,KOSDAQ
388050,일반전기전자,KOSDAQ
362320,유통,KOSDAQ
424140,금융,KOSDAQ
436530,금융,KOSDAQ
440200,금융,KOSDAQ
102370,유통,KOSDAQ
402030,소프트웨어,KOSDAQ
405100,기타서비스,KOSDAQ
413600,금융,KOSDAQ
433530,금융,KOSDAQ
360070,일반전기전자,KOSDAQ
204610,디지털컨텐츠,KOSDAQ
425420,반도체,KOSDAQ
441270,IT부품,KOSDAQ
168360,기계·장비,KOSDAQ
389140,디지털컨텐츠,KOSDAQ
371950,IT부품,KOSDAQ
370090,의료·정밀기기,KOSDAQ
405000,의료·정밀기기,KOSDAQ
291810,소프트웨어,KOSDAQ
417180,디지털컨텐츠,KOSDAQ
406760,금융,KOSDAQ
418170,금융,KOSDAQ
427950,금융,KOSDAQ
430230,금융,KOSDAQ
435620,금융,KOSDAQ
409570,금융,KOSDAQ
436610,금융,KOSDAQ
430460,금융,KOSDAQ
456440,금융,KOSDAQ
448760,금융,KOSDAQ
455250,금융,KOSDAQ
309960,금융,KOSDAQ
456490,금융,KOSDAQ
282720,건설,KOSDAQ
420770,반도체,KOSDAQ
407400,기타제조,KOSDAQ
417010,기계·장비,KOSDAQ
405920,유통,KOSDAQ
418420,반도체,KOSDAQ
439090,화학,KOSDAQ
424980,반도체,KOSDAQ
434480,소프트웨어,KOSDAQ
254490,유통,KOSDAQ
442900,금융,KOSDAQ
446190,금융,KOSDAQ
448830,금융,KOSDAQ
199730,기타서비스,KOSDAQ
419050,운송장비·부품,KOSDAQ
448740,금융,KOSDAQ
411080,소프트웨어,KOSDAQ
318160,섬유·의류,KOSDAQ
298830,소프트웨어,KOSDAQ
408900,방송서비스,KOSDAQ
232830,소프트웨어,KOSDAQ
340810,소프트웨어,KOSDAQ
354320,금속,KOSDAQ
304360,제약,KOSDAQ
356680,소프트웨어,KOSDAQ
450410,금융,KOSDAQ
451700,금융,KOSDAQ
417860,소프트웨어,KOSDAQ
440320,소프트웨어,KOSDAQ
446150,금융,KOSDAQ
449020,금융,KOSDAQ
274400,디지털컨텐츠,KOSDAQ
344860,화학,KOSDAQ
389020,통신장비,KOSDAQ
418550,기타서비스,KOSDAQ
358570,기타서비스,KOSDAQ
285800,화학,KOSDAQ
348080,기타서비스,KOSDAQ
446840,금융,KOSDAQ
393210,소프트웨어,KOSDAQ
417790,정보기기,KOSDAQ
425040,반도체,KOSDAQ
271830,반도체,KOSDAQ
303360,의료·정밀기기,KOSDAQ
378340,기계·장비,KOSDAQ
446750,금융,KOSDAQ
448370,금융,KOSDAQ
454640,금융,KOSDAQ
450050,금융,KOSDAQ
198940,금속,KOSDAQ
127980,반도체,KOSDAQ
